Postcode,Suburb,State,Lat,Lon,Category
6280,ABBA RIVER,WA,-33.680,115.460,Delivery Area
6280,ABBEY,WA,-33.680,115.460,Delivery Area
6280,ACTON PARK,WA,-33.680,115.460,Delivery Area
6375,ADAMSVALE,WA,-32.250,117.720,Delivery Area
6532,AJANA,WA,-27.950,114.610,Delivery Area
6330,ALBANY,WA,-35.020,117.880,Delivery Area
6331,ALBANY DC,WA,0.000,0.000,Post Office Boxes
6332,ALBANY PO,WA,-32.050,115.970,Post Office Boxes
6306,ALDERSYDE,WA,-32.370,117.310,Delivery Area
6064,ALEXANDER HEIGHTS,WA,-31.830,115.870,Delivery Area
6288,ALEXANDRA BRIDGE,WA,-34.160,115.200,Delivery Area
6154,ALFRED COVE,WA,-32.030,115.810,Delivery Area
6038,ALKIMOS,WA,-32.290,115.720,Delivery Area
6525,ALLANOOKA,WA,-29.050,115.030,Delivery Area
6225,ALLANSON,WA,-33.340,116.100,Delivery Area
6535,ALMA,WA,-28.230,114.690,Delivery Area
6632,AMBANIA,WA,-28.700,115.120,Delivery Area
6280,AMBERGATE,WA,-33.680,115.460,Delivery Area
6338,AMELUP,WA,-34.240,118.220,Delivery Area
6642,ANGELO RIVER,WA,-24.080,118.010,Delivery Area
6167,ANKETELL,WA,-32.230,115.870,Delivery Area
6280,ANNIEBROOK,WA,-33.680,115.460,Delivery Area
6714,ANTONYMYRE,WA,-20.660,117.090,Delivery Area
6153,APPLECROSS,WA,-32.020,115.830,Delivery Area
6953,APPLECROSS,WA,0.000,0.000,Post Office Boxes
6153,APPLECROSS NORTH,WA,-32.020,115.830,Delivery Area
6419,ARDATH,WA,-32.030,118.100,Delivery Area
6153,ARDROSS,WA,-32.020,115.830,Delivery Area
6239,ARGYLE,WA,-33.550,115.770,Delivery Area
6112,ARMADALE,WA,-32.150,116.010,Delivery Area
6992,ARMADALE,WA,-31.960,115.920,Post Office Boxes
6519,ARRINO,WA,-29.440,115.630,Delivery Area
6525,ARROWSMITH,WA,-29.050,115.030,Delivery Area
6519,ARROWSMITH EAST,WA,-29.440,115.630,Delivery Area
6315,ARTHUR RIVER,WA,-33.340,117.030,Delivery Area
6104,ASCOT,WA,-31.940,115.920,Delivery Area
6065,ASHBY,WA,-31.730,115.790,Delivery Area
6111,ASHENDON,WA,-32.100,116.190,Delivery Area
6054,ASHFIELD,WA,-31.920,115.940,Delivery Area
6156,ATTADALE,WA,-32.030,115.800,Delivery Area
6164,ATWELL,WA,-32.130,115.860,Delivery Area
6164,AUBIN GROVE,WA,-32.130,115.860,Delivery Area
6290,AUGUSTA,WA,-34.320,115.160,Delivery Area
6233,AUSTRALIND,WA,-33.280,115.710,Delivery Area
6069,AVELEY,WA,-31.770,116.010,Delivery Area
6084,AVON VALLEY NATIONAL PARK,WA,-31.620,116.210,Delivery Area
6412,BAANDEE,WA,-31.580,117.990,Delivery Area
6428,BABAKIN,WA,-32.130,118.020,Delivery Area
6701,BABBAGE ISLAND,WA,-24.870,113.630,Delivery Area
6317,BADGEBUP,WA,-33.630,117.900,Delivery Area
6475,BADGERIN ROCK,WA,-30.690,117.270,Delivery Area
6302,BADGIN,WA,-31.850,117.010,Delivery Area
6521,BADGINGARRA,WA,-30.390,115.500,Delivery Area
6383,BADJALING,WA,-31.900,117.440,Delivery Area
6082,BAILUP,WA,-31.740,116.300,Delivery Area
6562,BAKERS HILL,WA,-31.750,116.460,Delivery Area
6258,BALBARRUP,WA,-34.230,116.200,Delivery Area
6021,BALCATTA,WA,-31.860,115.820,Delivery Area
6914,BALCATTA,WA,-31.860,115.820,Post Office Boxes
6171,BALDIVIS,WA,-32.330,115.820,Delivery Area
6061,BALGA,WA,-31.860,115.840,Delivery Area
6253,BALINGUP,WA,-33.790,115.980,Delivery Area
6383,BALKULING,WA,-31.900,117.440,Delivery Area
6714,BALLA BALLA,WA,-20.660,117.090,Delivery Area
6302,BALLADONG,WA,-31.850,117.010,Delivery Area
6443,BALLADONIA,WA,-32.470,123.830,Delivery Area
6066,BALLAJURA,WA,-31.840,115.890,Delivery Area
6315,BALLAYING,WA,-33.340,117.030,Delivery Area
6606,BALLIDU,WA,-30.600,116.770,Delivery Area
6304,BALLY BALLY,WA,-32.180,117.120,Delivery Area
6503,BAMBUN,WA,-31.420,115.900,Delivery Area
6450,BANDY CREEK,WA,-33.820,121.940,Delivery Area
6440,BANDYA,WA,-27.910,122.330,Delivery Area
6164,BANJUP,WA,-32.130,115.860,Delivery Area
6031,BANKSIA GROVE,WA,-31.700,115.810,Delivery Area
6213,BANKSIADALE,WA,-32.620,116.080,Delivery Area
6390,BANNISTER,WA,-32.670,116.520,Delivery Area
6479,BARBALIN,WA,-30.880,118.110,Delivery Area
6510,BARBERTON,WA,-30.730,116.030,Delivery Area
6275,BARRABUP,WA,-33.840,115.660,Delivery Area
6209,BARRAGUP,WA,-32.560,115.770,Delivery Area
6712,BARROW ISLAND,WA,-20.860,115.410,Delivery Area
6056,BASKERVILLE,WA,-31.800,116.030,Delivery Area
6054,BASSENDEAN,WA,-31.920,115.940,Delivery Area
6934,BASSENDEAN,WA,-31.920,115.920,Post Office Boxes
6942,BASSENDEAN DC,WA,0.000,0.000,Post Office Boxes
6150,BATEMAN,WA,-32.060,115.840,Delivery Area
6284,BAUDIN,WA,-33.870,115.420,Delivery Area
6714,BAYNTON,WA,-20.660,117.090,Delivery Area
6330,BAYONET HEAD,WA,-35.020,117.880,Delivery Area
6053,BAYSWATER,WA,-31.920,115.910,Delivery Area
6933,BAYSWATER,WA,-31.910,115.900,Post Office Boxes
6530,BEACHLANDS,WA,-28.790,114.600,Delivery Area
6472,BEACON,WA,-30.450,117.870,Delivery Area
6162,BEACONSFIELD,WA,-32.070,115.760,Delivery Area
6440,BEADELL,WA,-27.910,122.330,Delivery Area
6394,BEAUFORT RIVER,WA,-33.570,117.030,Delivery Area
6450,BEAUMONT,WA,-33.820,121.940,Delivery Area
6107,BECKENHAM,WA,-32.010,115.960,Delivery Area
6052,BEDFORD,WA,-31.910,115.890,Delivery Area
6112,BEDFORDALE,WA,-32.150,116.010,Delivery Area
6063,BEECHBORO,WA,-31.870,115.920,Delivery Area
6556,BEECHINA,WA,-31.860,116.320,Delivery Area
6260,BEEDELUP,WA,-34.350,115.940,Delivery Area
6224,BEELA,WA,-33.230,115.910,Delivery Area
6239,BEELERUP,WA,-33.550,115.770,Delivery Area
6164,BEELIAR,WA,-32.130,115.860,Delivery Area
6353,BEENONG,WA,-33.020,118.660,Delivery Area
6503,BEERMULLAH,WA,-31.420,115.900,Delivery Area
6566,BEJOORDING,WA,-31.380,116.530,Delivery Area
6027,BELDON,WA,-31.780,115.760,Delivery Area
6069,BELHUS,WA,-31.770,116.010,Delivery Area
6056,BELLEVUE,WA,-31.800,116.030,Delivery Area
6104,BELMONT,WA,-31.940,115.920,Delivery Area
6984,BELMONT,WA,-31.970,115.930,Post Office Boxes
6477,BENCUBBIN,WA,-30.810,117.860,Delivery Area
6223,BENGER,WA,-33.170,115.860,Delivery Area
6463,BENJABERRING,WA,-31.140,117.290,Delivery Area
6255,BENJINUP,WA,-33.790,116.300,Delivery Area
6063,BENNETT SPRINGS,WA,,,Delivery Area
6102,BENTLEY,WA,-32.000,115.920,Delivery Area
6982,BENTLEY,WA,-31.870,116.170,Post Office Boxes
6102,BENTLEY DC,WA,-32.000,115.920,Delivery Area
6983,BENTLEY DC,WA,0.000,0.000,Post Office Boxes
6102,BENTLEY SOUTH,WA,-32.000,115.920,Delivery Area
6530,BERESFORD,WA,-28.790,114.600,Delivery Area
6510,BERKSHIRE VALLEY,WA,-30.730,116.030,Delivery Area
6701,BERNIER ISLAND,WA,-24.870,113.630,Delivery Area
6167,BERTRAM,WA,-32.230,115.870,Delivery Area
6304,BEVERLEY,WA,-32.180,117.120,Delivery Area
6163,BIBRA LAKE,WA,-32.090,115.840,Delivery Area
6965,BIBRA LAKE,WA,,,Post Office Boxes
6076,BICKLEY,WA,-32.010,116.090,Delivery Area
6157,BICTON,WA,-32.030,115.780,Delivery Area
6260,BIDDELIA,WA,-34.350,115.940,Delivery Area
6330,BIG GROVE,WA,-35.020,117.880,Delivery Area
6375,BILBARIN,WA,-32.250,117.720,Delivery Area
6725,BILINGURR,WA,-17.910,122.250,Delivery Area
6472,BIMBIJY,WA,-30.450,117.870,Delivery Area
6574,BINDI BINDI,WA,-30.630,116.360,Delivery Area
6502,BINDOON,WA,-31.390,116.100,Delivery Area
6502,BINDOON TRAINING AREA,WA,-31.390,116.100,Delivery Area
6430,BINDULI,WA,-30.810,121.380,Delivery Area
6233,BINNINGUP,WA,-33.280,115.710,Delivery Area
6532,BINNU,WA,-27.950,114.610,Delivery Area
6214,BIRCHMONT,WA,-32.730,115.760,Delivery Area
6530,BLUFF POINT,WA,-28.790,114.600,Delivery Area
6208,BLYTHEWOOD,WA,-32.640,115.870,Delivery Area
6280,BOALLIA,WA,-33.680,115.460,Delivery Area
6320,BOBALONG,WA,-34.010,117.560,Delivery Area
6424,BODALLIN,WA,-31.370,118.850,Delivery Area
6390,BODDINGTON,WA,-32.670,116.520,Delivery Area
6394,BOILUP,WA,-33.570,117.030,Delivery Area
6392,BOKAL,WA,-33.470,116.910,Delivery Area
6568,BOLGART,WA,-31.270,116.510,Delivery Area
6479,BONNIE ROCK,WA,-30.880,118.110,Delivery Area
6525,BONNIEFIELD,WA,-29.050,115.030,Delivery Area
6722,BOODARIE,WA,-20.400,118.570,Delivery Area
6423,BOODAROCKIN,WA,-31.000,118.860,Delivery Area
6525,BOOKARA,WA,-29.050,115.030,Delivery Area
6503,BOONANARRING,WA,-31.420,115.900,Delivery Area
6429,BOORABBIN,WA,-30.950,120.160,Delivery Area
6154,BOORAGOON,WA,-32.030,115.810,Delivery Area
6954,BOORAGOON,WA,0.000,0.000,Post Office Boxes
6475,BOORALAMING,WA,-30.690,117.270,Delivery Area
6431,BOORARA,WA,-30.800,121.640,Delivery Area
6262,BOORARA BROOK,WA,-34.690,116.210,Delivery Area
6532,BOOTENAL,WA,-27.950,114.610,Delivery Area
6521,BOOTHENDARRA,WA,-30.390,115.500,Delivery Area
6286,BORANUP,WA,-34.130,115.050,Delivery Area
6338,BORDEN,WA,-34.240,118.220,Delivery Area
6320,BORDERDALE,WA,-34.010,117.560,Delivery Area
6330,BORNHOLM,WA,-35.020,117.880,Delivery Area
6394,BOSCABEL,WA,-33.570,117.030,Delivery Area
6432,BOULDER,WA,-30.780,121.490,Delivery Area
6312,BOUNDAIN,WA,-32.950,117.360,Delivery Area
6211,BOUVARD,WA,-32.690,115.650,Delivery Area
6280,BOVELL,WA,-33.680,115.460,Delivery Area
6333,BOW BRIDGE,WA,-34.970,116.950,Delivery Area
6225,BOWELLING,WA,-33.340,116.100,Delivery Area
6535,BOWES,WA,-28.230,114.690,Delivery Area
6623,BOWGADA,WA,-29.330,116.150,Delivery Area
6338,BOXWOOD HILL,WA,-34.240,118.220,Delivery Area
6056,BOYA,WA,-31.800,116.030,Delivery Area
6237,BOYANUP,WA,-33.480,115.730,Delivery Area
6450,BOYATUP,WA,-33.820,121.940,Delivery Area
6316,BOYERINE,WA,-33.500,117.410,Delivery Area
6244,BOYUP BROOK,WA,-33.830,116.390,Delivery Area
6055,BRABHAM,WA,,,Delivery Area
6285,BRAMLEY,WA,-33.910,115.030,Delivery Area
6251,BRAZIER,WA,-33.770,115.830,Delivery Area
6503,BREERA,WA,-31.420,115.900,Delivery Area
6338,BREMER BAY,WA,-34.240,118.220,Delivery Area
6153,BRENTWOOD,WA,-32.020,115.830,Delivery Area
6043,BRETON BAY,WA,-31.200,115.420,Delivery Area
6255,BRIDGETOWN,WA,-33.790,116.300,Delivery Area
6069,BRIGADOON,WA,-31.770,116.010,Delivery Area
6532,BRINGO,WA,-27.950,114.610,Delivery Area
6280,BROADWATER,WA,-33.680,115.460,Delivery Area
6009,BROADWAY NEDLANDS,WA,-31.980,115.810,Delivery Area
6430,BROADWOOD,WA,-30.810,121.380,Delivery Area
6701,BROCKMAN,WA,-24.870,113.630,Delivery Area
6398,BROKE,WA,-34.920,116.470,Delivery Area
6112,BROOKDALE,WA,-32.150,116.010,Delivery Area
6239,BROOKHAMPTON,WA,-33.550,115.770,Delivery Area
6306,BROOKTON,WA,-32.370,117.310,Delivery Area
6725,BROOME,WA,-17.910,122.250,Delivery Area
6318,BROOMEHILL,WA,-33.850,117.640,Delivery Area
6318,BROOMEHILL EAST,WA,-33.850,117.640,Delivery Area
6318,BROOMEHILL VILLAGE,WA,-33.850,117.640,Delivery Area
6318,BROOMEHILL WEST,WA,-33.850,117.640,Delivery Area
6431,BROWN HILL,WA,-30.800,121.640,Delivery Area
6701,BROWN RANGE,WA,-24.870,113.630,Delivery Area
6418,BRUCE ROCK,WA,-31.880,118.150,Delivery Area
6224,BRUNSWICK,WA,-33.230,115.910,Delivery Area
6225,BUCKINGHAM,WA,-33.340,116.100,Delivery Area
6401,BUCKLAND,WA,-31.540,116.610,Delivery Area
6714,BULGARRA,WA,-20.660,117.090,Delivery Area
6149,BULL CREEK,WA,-32.060,115.860,Delivery Area
6429,BULLABULLING,WA,-30.950,120.160,Delivery Area
6373,BULLARING,WA,-32.500,117.740,Delivery Area
6532,BULLER,WA,-27.950,114.610,Delivery Area
6484,BULLFINCH,WA,-30.980,119.120,Delivery Area
6350,BULLOCK HILLS,WA,,,Delivery Area
6084,BULLSBROOK,WA,-31.620,116.210,Delivery Area
6431,BULONG,WA,-30.800,121.640,Delivery Area
6306,BULYEE,WA,-32.370,117.310,Delivery Area
6230,BUNBURY,WA,-33.330,115.640,Delivery Area
6231,BUNBURY,WA,-33.360,115.660,Post Office Boxes
6522,BUNDANOON,WA,-29.300,115.490,Delivery Area
6353,BUNICHE,WA,-33.020,118.660,Delivery Area
6620,BUNJIL,WA,,,Delivery Area
6613,BUNTINE,WA,-29.990,116.570,Delivery Area
6467,BURAKIN,WA,-30.530,117.170,Delivery Area
6452,BURAMINYA,WA,-32.920,122.900,Delivery Area
6227,BUREKUP,WA,-33.310,115.810,Delivery Area
6302,BURGES,WA,-31.850,117.010,Delivery Area
6401,BURLONG,WA,-31.540,116.610,Delivery Area
6532,BURMA ROAD,WA,-27.950,114.610,Delivery Area
6028,BURNS BEACH,WA,-31.730,115.720,Delivery Area
6285,BURNSIDE,WA,-33.910,115.030,Delivery Area
6421,BURRACOPPIN,WA,-31.400,118.480,Delivery Area
6490,BURRAN ROCK,WA,-31.260,118.010,Delivery Area
6714,BURRUP,WA,-20.660,117.090,Delivery Area
6100,BURSWOOD,WA,-31.960,115.900,Delivery Area
6055,BUSHMEAD,WA,,,Delivery Area
6280,BUSSELTON,WA,-33.680,115.460,Delivery Area
6036,BUTLER,WA,-31.650,115.710,Delivery Area
6122,BYFORD,WA,-32.220,116.010,Delivery Area
6726,CABLE BEACH,WA,-17.950,122.200,Delivery Area
6466,CADOUX,WA,-30.770,117.140,Delivery Area
6443,CAIGUNA,WA,-32.470,123.830,Delivery Area
6569,CALINGIRI,WA,-31.090,116.450,Delivery Area
6167,CALISTA,WA,-32.230,115.870,Delivery Area
6302,CALJIE,WA,-31.850,117.010,Delivery Area
6260,CALLCUP,WA,-34.350,115.940,Delivery Area
6728,CAMBALLIN,WA,-17.990,124.180,Delivery Area
6743,CAMBRIDGE GULF,WA,-15.170,128.550,Delivery Area
6111,CAMILLO,WA,-32.100,116.190,Delivery Area
6315,CANCANNING,WA,-33.340,117.030,Delivery Area
6710,CANE,WA,-22.100,115.860,Delivery Area
6627,CANNA,WA,-28.900,115.860,Delivery Area
6153,CANNING BRIDGE APPLECROSS,WA,-32.020,115.830,Delivery Area
6111,CANNING MILLS,WA,-32.100,116.190,Delivery Area
6155,CANNING VALE,WA,-32.060,115.920,Delivery Area
6155,CANNING VALE DC,WA,-32.060,115.920,Delivery Area
6970,CANNING VALE DC,WA,0.000,0.000,Post Office Boxes
6155,CANNING VALE SOUTH,WA,-32.060,115.920,Delivery Area
6107,CANNINGTON,WA,-32.010,115.960,Delivery Area
6987,CANNINGTON,WA,0.000,0.000,Post Office Boxes
6452,CAPE ARID,WA,-32.920,122.900,Delivery Area
6532,CAPE BURNEY,WA,-27.950,114.610,Delivery Area
6450,CAPE LE GRAND,WA,-33.820,121.940,Delivery Area
6707,CAPE RANGE NATIONAL PARK,WA,-22.160,113.920,Delivery Area
6271,CAPEL,WA,-33.560,115.560,Delivery Area
6271,CAPEL RIVER,WA,-33.560,115.560,Delivery Area
6642,CAPRICORN,WA,-24.080,118.010,Delivery Area
6041,CARABAN,WA,-31.350,115.530,Delivery Area
6033,CARABOODA,WA,-31.600,115.750,Delivery Area
6569,CARANI,WA,,,Delivery Area
6701,CARBLA,WA,-24.870,113.630,Delivery Area
6280,CARBUNUP RIVER,WA,-33.680,115.460,Delivery Area
6225,CARDIFF,WA,-33.340,116.100,Delivery Area
6122,CARDUP,WA,-32.220,116.010,Delivery Area
6230,CAREY PARK,WA,-33.330,115.640,Delivery Area
6020,CARINE,WA,-31.850,115.780,Delivery Area
6101,CARLISLE,WA,-31.980,115.910,Delivery Area
6101,CARLISLE NORTH,WA,-31.980,115.910,Delivery Area
6275,CARLOTTA,WA,-33.840,115.660,Delivery Area
6076,CARMEL,WA,-32.010,116.090,Delivery Area
6517,CARNAMAH,WA,-29.690,115.890,Delivery Area
6701,CARNARVON,WA,-24.870,113.630,Delivery Area
6423,CARRABIN,WA,-31.000,118.860,Delivery Area
6031,CARRAMAR,WA,-31.700,115.810,Delivery Area
6532,CARRARANG,WA,-27.950,114.610,Delivery Area
6317,CARROLUP,WA,-33.630,117.900,Delivery Area
6316,CARTMETICUP,WA,-33.500,117.410,Delivery Area
6450,CASCADE,WA,-33.820,121.940,Delivery Area
6450,CASTLETOWN,WA,-33.820,121.940,Delivery Area
6167,CASUARINA,WA,-32.230,115.870,Delivery Area
6507,CATABY,WA,-30.740,115.540,Delivery Area
6255,CATTERICK,WA,-33.790,116.300,Delivery Area
6055,CAVERSHAM,WA,-31.870,115.980,Delivery Area
6330,CENTENNIAL PARK,WA,-35.020,117.880,Delivery Area
6511,CERVANTES,WA,-30.500,115.080,Delivery Area
6450,CHADWICK,WA,-33.820,121.940,Delivery Area
6111,CHAMPION LAKES,WA,-32.100,116.190,Delivery Area
6490,CHANDLER,WA,-31.260,118.010,Delivery Area
6394,CHANGERUP,WA,-33.570,117.030,Delivery Area
6260,CHANNYBEARUP,WA,-34.350,115.940,Delivery Area
6280,CHAPMAN HILL,WA,-33.680,115.460,Delivery Area
6239,CHARLEY CREEK,WA,-33.550,115.770,Delivery Area
6395,CHERRY TREE POOL,WA,-33.700,117.230,Delivery Area
6328,CHEYNES,WA,-34.840,118.340,Delivery Area
6751,CHICHESTER,WA,-21.910,118.090,Delivery Area
6556,CHIDLOW,WA,-31.860,116.320,Delivery Area
6084,CHITTERING,WA,-31.620,116.210,Delivery Area
6244,CHOWERUP,WA,-33.830,116.390,Delivery Area
6798,CHRISTMAS ISLAND,WA,-10.490,105.640,Delivery Area
6018,CHURCHLANDS,WA,-31.920,115.790,Delivery Area
6015,CITY BEACH,WA,-31.940,115.750,Delivery Area
6000,CITY DELIVERY CENTRE,WA,-31.920,115.910,Delivery Area
6564,CLACKLINE,WA,-31.720,116.510,Delivery Area
6010,CLAREMONT,WA,-31.980,115.780,Delivery Area
6910,CLAREMONT,WA,-31.980,115.770,Post Office Boxes
6010,CLAREMONT NORTH,WA,-31.980,115.780,Delivery Area
6030,CLARKSON,WA,-31.680,115.720,Delivery Area
6472,CLEARY,WA,-30.450,117.870,Delivery Area
6714,CLEAVERVILLE,WA,-20.660,117.090,Delivery Area
6211,CLIFTON,WA,-32.690,115.650,Delivery Area
6850,CLOISTERS SQUARE PO,WA,-33.660,115.330,Post Office Boxes
6105,CLOVERDALE,WA,-31.960,115.930,Delivery Area
6985,CLOVERDALE,WA,-33.630,115.600,Post Office Boxes
6317,COBLININE,WA,-33.630,117.900,Delivery Area
6532,COBURN,WA,-27.950,114.610,Delivery Area
6731,COCKATOO ISLAND,WA,-16.090,123.610,Post Office Boxes
6164,COCKBURN CENTRAL,WA,-32.130,115.860,Delivery Area
6443,COCKLEBIDDY,WA,-32.470,123.830,Delivery Area
6308,CODJATOTINE,WA,-32.680,116.820,Delivery Area
6302,COLD HARBOUR,WA,-31.850,117.010,Delivery Area
6315,COLLANILLING,WA,-33.340,117.030,Delivery Area
6230,COLLEGE GROVE,WA,-33.330,115.640,Delivery Area
6225,COLLIE,WA,-33.340,116.100,Delivery Area
6225,COLLIE BURN,WA,-33.340,116.100,Delivery Area
6330,COLLINGWOOD HEIGHTS,WA,-35.020,117.880,Delivery Area
6330,COLLINGWOOD PARK,WA,-35.020,117.880,Delivery Area
6260,COLLINS,WA,-34.350,115.940,Delivery Area
6311,COMMODINE,WA,-32.770,117.310,Delivery Area
6152,COMO,WA,-31.990,115.870,Delivery Area
6952,COMO,WA,-31.890,115.820,Post Office Boxes
6450,CONDINGUP,WA,-33.820,121.940,Delivery Area
6027,CONNOLLY,WA,-31.780,115.760,Delivery Area
6311,CONTINE,WA,-32.770,117.310,Delivery Area
6210,COODANUP,WA,-32.550,115.750,Delivery Area
6166,COOGEE,WA,-32.120,115.770,Delivery Area
6219,COOKERNUP,WA,,,Delivery Area
6638,COOLADAR HILL,WA,-28.480,118.170,Delivery Area
6163,COOLBELLUP,WA,-32.090,115.840,Delivery Area
6050,COOLBINIA,WA,-31.910,115.860,Delivery Area
6532,COOLCALALAYA,WA,-27.950,114.610,Delivery Area
6429,COOLGARDIE,WA,-30.950,120.160,Delivery Area
6507,COOLJARLOO,WA,-30.740,115.540,Delivery Area
6168,COOLOONGUP,WA,-32.300,115.760,Delivery Area
6214,COOLUP,WA,-32.730,115.760,Delivery Area
6450,COOMALBIDGUP,WA,-33.820,121.940,Delivery Area
6512,COOMBERDALE,WA,-30.440,116.040,Delivery Area
6503,COONABIDGEE,WA,-31.420,115.900,Delivery Area
6566,COONDLE,WA,-31.380,116.530,Delivery Area
6515,COOROW,WA,-29.880,116.020,Delivery Area
6714,COOYA POOYA,WA,-20.660,117.090,Delivery Area
6562,COPLEY,WA,-31.750,116.460,Delivery Area
6701,CORAL BAY,WA,-24.870,113.630,Delivery Area
6426,CORINTHIA,WA,-31.150,119.150,Delivery Area
6375,CORRIGIN,WA,-32.250,117.720,Delivery Area
6440,COSMO NEWBERY,WA,-27.910,122.330,Delivery Area
6720,COSSACK,WA,-20.680,117.190,Delivery Area
6011,COTTESLOE,WA,-32.000,115.760,Delivery Area
6911,COTTESLOE,WA,-32.400,115.760,Post Office Boxes
6288,COURTENAY,WA,-34.160,115.200,Delivery Area
6336,COWALELLUP,WA,-34.100,118.550,Delivery Area
6503,COWALLA,WA,-31.420,115.900,Delivery Area
6284,COWARAMUP,WA,-33.870,115.420,Delivery Area
6485,COWCOWING,WA,-30.990,117.450,Delivery Area
6317,COYRECUP,WA,-33.630,117.900,Delivery Area
6025,CRAIGIE,WA,-31.780,115.770,Delivery Area
6420,CRAMPHORNE,WA,-31.800,118.560,Delivery Area
6321,CRANBROOK,WA,-34.300,117.560,Delivery Area
6009,CRAWLEY,WA,-31.980,115.810,Delivery Area
6236,CROOKED BROOK,WA,-33.470,115.810,Delivery Area
6390,CROSSMAN,WA,-32.670,116.520,Delivery Area
6262,CROWEA,WA,,,Delivery Area
6311,CUBALLING,WA,-32.770,117.310,Delivery Area
6383,CUBBINE,WA,-31.900,117.440,Delivery Area
6640,CUE,WA,-27.420,117.900,Delivery Area
6566,CULHAM,WA,-31.380,116.530,Delivery Area
6067,CULLACABARDEE,WA,-31.820,115.910,Delivery Area
6503,CULLALLA,WA,-31.420,115.900,Delivery Area
6434,CUNDEELEE,WA,-30.500,123.120,Delivery Area
6407,CUNDERDIN,WA,-31.650,117.230,Delivery Area
6275,CUNDINUP,WA,-33.840,115.660,Delivery Area
6401,CUNJARDINE,WA,-31.540,116.610,Delivery Area
6028,CURRAMBINE,WA,-31.730,115.720,Delivery Area
6330,CUTHBERT,WA,-35.020,117.880,Delivery Area
6410,DAADENNING CREEK,WA,-31.620,117.590,Delivery Area
6638,DAGGAR HILLS,WA,-28.480,118.170,Delivery Area
6008,DAGLISH,WA,-31.950,115.810,Delivery Area
6304,DALE,WA,-32.180,117.120,Delivery Area
6302,DALIAK,WA,-31.850,117.010,Delivery Area
6009,DALKEITH,WA,-31.980,115.810,Delivery Area
6609,DALWALLINU,WA,-30.280,116.660,Delivery Area
6230,DALYELLUP,WA,-33.330,115.640,Delivery Area
6450,DALYUP,WA,-33.820,121.940,Delivery Area
6713,DAMPIER,WA,-20.660,116.710,Delivery Area
6713,DAMPIER ARCHIPELAGO,WA,-20.660,116.710,Delivery Area
6725,DAMPIER PENINSULA,WA,-17.910,122.250,Delivery Area
6479,DANDANNING,WA,-30.880,118.110,Delivery Area
6507,DANDARAGAN,WA,-30.740,115.540,Delivery Area
6383,DANGIN,WA,-31.900,117.440,Delivery Area
6065,DARCH,WA,-31.730,115.790,Delivery Area
6392,DARDADINE,WA,-33.470,116.910,Delivery Area
6236,DARDANUP,WA,-33.470,115.810,Delivery Area
6236,DARDANUP WEST,WA,-33.470,115.810,Delivery Area
6392,DARKAN,WA,-33.470,116.910,Delivery Area
6122,DARLING DOWNS,WA,-32.220,116.010,Delivery Area
6070,DARLINGTON,WA,-31.920,116.080,Delivery Area
6275,DARRADUP,WA,-33.840,115.660,Delivery Area
6532,DARTMOOR,WA,-27.950,114.610,Delivery Area
6320,DARTNALL,WA,-34.010,117.560,Delivery Area
6317,DATATINE,WA,-33.630,117.900,Delivery Area
6230,DAVENPORT,WA,-33.330,115.640,Delivery Area
6211,DAWESVILLE,WA,-32.690,115.650,Delivery Area
6055,DAYTON,WA,,,Delivery Area
6722,DE GREY,WA,-20.400,118.570,Delivery Area
6258,DEANMILL,WA,-34.230,116.200,Delivery Area
6532,DEEPDALE,WA,-27.950,114.610,Delivery Area
6290,DEEPDENE,WA,-34.320,115.160,Delivery Area
6324,DENBARKER,WA,-34.720,117.510,Delivery Area
6537,DENHAM,WA,-25.930,113.530,Delivery Area
6333,DENMARK,WA,-34.970,116.950,Delivery Area
6728,DERBY,WA,-17.990,124.180,Delivery Area
6630,DEVILS CREEK,WA,-28.640,115.480,Delivery Area
6567,DEWARS POOL,WA,-31.460,116.420,Delivery Area
6258,DIAMOND TREE,WA,-34.230,116.200,Delivery Area
6059,DIANELLA,WA,-31.880,115.860,Delivery Area
6532,DINDILOA,WA,-27.950,114.610,Delivery Area
6258,DINGUP,WA,-34.230,116.200,Delivery Area
6244,DINNINUP,WA,-33.830,116.390,Delivery Area
6537,DIRK HARTOG ISLAND,WA,-25.930,113.530,Delivery Area
6258,DIXVALE,WA,-34.230,116.200,Delivery Area
6725,DJUGUN,WA,-17.910,122.250,Delivery Area
6525,DONGARA,WA,-29.050,115.030,Delivery Area
6315,DONGOLOCKING,WA,-33.340,117.030,Delivery Area
6258,DONNELLY RIVER,WA,-34.230,116.200,Delivery Area
6239,DONNYBROOK,WA,-33.550,115.770,Delivery Area
6112,DOOBARDA,WA,,,Delivery Area
6383,DOODENANNING,WA,-31.900,117.440,Delivery Area
6411,DOODLAKINE,WA,-31.610,117.880,Delivery Area
6701,DORRE ISLAND,WA,-24.870,113.630,Delivery Area
6018,DOUBLEVIEW,WA,-31.920,115.790,Delivery Area
6461,DOWERIN,WA,-31.200,117.030,Delivery Area
6330,DROME,WA,-35.020,117.880,Delivery Area
6532,DRUMMOND COVE,WA,-27.950,114.610,Delivery Area
6311,DRYANDRA,WA,-32.770,117.310,Delivery Area
6740,DRYSDALE RIVER,WA,-14.910,126.670,Delivery Area
6519,DUDAWA,WA,-29.440,115.630,Delivery Area
6363,DUDININ,WA,-32.870,117.900,Delivery Area
6210,DUDLEY PARK,WA,-32.550,115.750,Delivery Area
6475,DUKIN,WA,-30.690,117.270,Delivery Area
6383,DULBELLING,WA,-31.900,117.440,Delivery Area
6425,DULYALBIN,WA,-31.560,119.150,Delivery Area
6566,DUMBARTON,WA,-31.380,116.530,Delivery Area
6312,DUMBERNING,WA,-32.950,117.360,Delivery Area
6350,DUMBLEYUNG,WA,-33.310,117.740,Delivery Area
6023,DUNCRAIG,WA,-31.830,115.770,Delivery Area
6443,DUNDAS,WA,-32.470,123.830,Delivery Area
6355,DUNN ROCK,WA,-33.430,119.520,Delivery Area
6281,DUNSBOROUGH,WA,-33.620,115.110,Delivery Area
6743,DURACK,WA,-15.170,128.550,Delivery Area
6393,DURANILLIN,WA,-33.510,116.680,Delivery Area
6532,DURAWAH,WA,-27.950,114.610,Delivery Area
6308,DWARDA,WA,-32.680,116.820,Delivery Area
6213,DWELLINGUP,WA,-32.620,116.080,Delivery Area
6281,EAGLE BAY,WA,-33.620,115.110,Delivery Area
6290,EAST AUGUSTA,WA,-34.320,115.160,Delivery Area
6606,EAST BALLIDU,WA,-30.600,116.770,Delivery Area
6304,EAST BEVERLEY,WA,-32.180,117.120,Delivery Area
6535,EAST BOWES,WA,-28.230,114.690,Delivery Area
6230,EAST BUNBURY,WA,-33.330,115.640,Delivery Area
6107,EAST CANNINGTON,WA,-32.010,115.960,Delivery Area
6701,EAST CARNARVON,WA,-24.870,113.630,Delivery Area
6532,EAST CHAPMAN,WA,-27.950,114.610,Delivery Area
6606,EAST DAMBORING,WA,,,Delivery Area
6158,EAST FREMANTLE,WA,-32.040,115.760,Delivery Area
6705,EAST LYONS RIVER,WA,-24.230,117.380,Delivery Area
6450,EAST MUNGLINUP,WA,-33.820,121.940,Delivery Area
6640,EAST MURCHISON,WA,-27.420,117.900,Delivery Area
6532,EAST NABAWA,WA,-27.950,114.610,Delivery Area
6275,EAST NANNUP,WA,-33.840,115.660,Delivery Area
6355,EAST NEWDEGATE,WA,-33.430,119.520,Delivery Area
6004,EAST PERTH,WA,-31.940,115.880,Delivery Area
6892,EAST PERTH,WA,-31.780,115.820,Post Office Boxes
6308,EAST PINGELLY,WA,-32.680,116.820,Delivery Area
6309,EAST POPANYINNING,WA,-32.630,117.260,Delivery Area
6168,EAST ROCKINGHAM,WA,-32.300,115.760,Delivery Area
6101,EAST VICTORIA PARK,WA,-31.980,115.910,Delivery Area
6981,EAST VICTORIA PARK,WA,-31.950,115.880,Post Office Boxes
6370,EAST WICKEPIN,WA,-32.770,117.710,Delivery Area
6532,EAST YUNA,WA,-27.950,114.610,Delivery Area
6260,EASTBROOK,WA,-34.350,115.940,Delivery Area
6232,EATON,WA,-33.320,115.700,Delivery Area
6054,EDEN HILL,WA,-31.920,115.940,Delivery Area
6027,EDGEWATER,WA,-31.780,115.760,Delivery Area
6515,EGANU,WA,-29.880,116.020,Delivery Area
6034,EGLINTON,WA,-31.850,115.810,Delivery Area
6725,EIGHTY MILE BEACH,WA,-17.910,122.250,Delivery Area
6490,ELABBIN,WA,-31.260,118.010,Delivery Area
6479,ELACHBUTTING,WA,-30.880,118.110,Delivery Area
6237,ELGIN,WA,-33.480,115.730,Delivery Area
6330,ELLEKER,WA,-35.020,117.880,Delivery Area
6069,ELLENBROOK,WA,-31.770,116.010,Delivery Area
6532,ELLENDALE,WA,-27.950,114.610,Delivery Area
6062,EMBLETON,WA,-31.900,115.920,Delivery Area
6431,EMU FLAT,WA,-30.800,121.640,Delivery Area
6330,EMU POINT,WA,-35.020,117.880,Delivery Area
6518,ENEABBA,WA,-29.820,115.270,Delivery Area
6484,ENNUIN,WA,-30.980,119.120,Delivery Area
6532,ERADU,WA,-27.950,114.610,Delivery Area
6532,ERADU SOUTH,WA,-27.950,114.610,Delivery Area
6210,ERSKINE,WA,-32.550,115.750,Delivery Area
6450,ESPERANCE,WA,-33.820,121.940,Delivery Area
6213,ETMILYN,WA,-32.620,116.080,Delivery Area
6443,EUCLA,WA,-32.470,123.830,Delivery Area
6532,EURARDY,WA,-27.950,114.610,Delivery Area
6317,EWLYAMARTUP,WA,-33.630,117.900,Delivery Area
6707,EXMOUTH,WA,-22.160,113.920,Delivery Area
6707,EXMOUTH GULF,WA,-22.160,113.920,Delivery Area
6208,FAIRBRIDGE,WA,-32.640,115.870,Delivery Area
6210,FALCON,WA,-32.550,115.750,Delivery Area
6236,FERGUSON,WA,-33.470,115.810,Delivery Area
6148,FERNDALE,WA,-32.030,115.920,Delivery Area
6431,FEYSVILLE,WA,-30.800,121.640,Delivery Area
6432,FIMISTON,WA,-30.780,121.490,Delivery Area
6722,FINUCANE,WA,-20.400,118.570,Delivery Area
6337,FITZGERALD,WA,-33.750,119.460,Delivery Area
6346,FITZGERALD RIVER NATIONAL PARK,WA,-34.070,119.590,Delivery Area
6765,FITZROY CROSSING,WA,-18.190,125.570,Delivery Area
6302,FLINT,WA,-31.850,117.010,Delivery Area
6014,FLOREAT,WA,-31.940,115.790,Delivery Area
6302,FLYNN,WA,-31.850,117.010,Delivery Area
6286,FOREST GROVE,WA,-34.130,115.050,Delivery Area
6324,FOREST HILL,WA,-34.720,117.510,Delivery Area
6434,FORREST,WA,-30.500,123.120,Delivery Area
6271,FORREST BEACH,WA,-33.560,115.560,Delivery Area
6359,FORRESTANIA,WA,-32.440,119.780,Delivery Area
6112,FORRESTDALE,WA,-32.150,116.010,Delivery Area
6058,FORRESTFIELD,WA,-31.990,116.010,Delivery Area
6716,FORTESCUE,WA,-21.650,116.130,Delivery Area
6537,FRANCOIS PERON NATIONAL PARK,WA,-25.930,113.530,Delivery Area
6396,FRANKLAND RIVER,WA,-34.310,116.980,Delivery Area
6443,FRASER RANGE,WA,-32.470,123.830,Delivery Area
6160,FREMANTLE,WA,-32.040,115.760,Delivery Area
6959,FREMANTLE,WA,-32.070,115.990,Post Office Boxes
6330,FRENCHMAN BAY,WA,-35.020,117.880,Delivery Area
6209,FURNISSDALE,WA,-32.560,115.770,Delivery Area
6574,GABALONG,WA,-30.630,116.360,Delivery Area
6041,GABBADAH,WA,-31.350,115.530,Delivery Area
6476,GABBIN,WA,-30.800,117.680,Delivery Area
6337,GAIRDNER,WA,-33.750,119.460,Delivery Area
6714,GAP RIDGE,WA,-20.660,117.090,Delivery Area
6168,GARDEN ISLAND,WA,-32.300,115.760,Delivery Area
6705,GASCOYNE JUNCTION,WA,-24.230,117.380,Delivery Area
6705,GASCOYNE RIVER,WA,-24.230,117.380,Delivery Area
6728,GEEGULLY CREEK,WA,-17.990,124.180,Delivery Area
6230,GELORUP,WA,-33.330,115.640,Delivery Area
6280,GEOGRAPHE,WA,-33.680,115.460,Delivery Area
6532,GEORGINA,WA,-27.950,114.610,Delivery Area
6530,GERALDTON,WA,-28.790,114.600,Delivery Area
6531,GERALDTON PO,WA,-32.280,115.740,Post Office Boxes
6426,GHOOLI,WA,-31.150,119.150,Delivery Area
6743,GIBB,WA,-15.170,128.550,Delivery Area
6448,GIBSON,WA,-33.640,121.810,Delivery Area
0872,GIBSON DESERT NORTH,WA,-21.000,134.380,Delivery Area
0872,GIBSON DESERT SOUTH,WA,-21.000,134.380,Delivery Area
6083,GIDGEGANNUP,WA,-31.790,116.200,Delivery Area
6302,GILGERING,WA,-31.850,117.010,Delivery Area
6370,GILLIMANNING,WA,,,Delivery Area
6510,GILLINGARRA,WA,-30.730,116.030,Delivery Area
6701,GILROYD,WA,-24.870,113.630,Delivery Area
6725,GINGERAH,WA,-17.910,122.250,Delivery Area
6503,GINGIN,WA,-31.420,115.900,Delivery Area
6503,GINGINUP,WA,-31.420,115.900,Delivery Area
6064,GIRRAWHEEN,WA,-31.830,115.870,Delivery Area
6330,GLEDHOW,WA,-35.020,117.880,Delivery Area
6071,GLEN FORREST,WA,-31.910,116.100,Delivery Area
6230,GLEN IRIS,WA,-33.330,115.640,Delivery Area
6239,GLEN MERVYN,WA,-33.550,115.770,Delivery Area
6316,GLENCOE,WA,-33.500,117.410,Delivery Area
6016,GLENDALOUGH,WA,-31.920,115.810,Delivery Area
6532,GLENFIELD,WA,-27.950,114.610,Delivery Area
6256,GLENLYNN,WA,-34.010,116.150,Delivery Area
6258,GLENORAN,WA,-34.230,116.200,Delivery Area
6509,GLENTROMIE,WA,-30.890,116.240,Delivery Area
6077,GNANGARA,WA,0.000,0.000,Delivery Area
6285,GNARABUP,WA,-33.910,115.030,Delivery Area
6714,GNOOREA,WA,-20.660,117.090,Delivery Area
6335,GNOWANGERUP,WA,-33.940,118.010,Delivery Area
6328,GNOWELLEN,WA,-34.840,118.340,Delivery Area
6174,GOLDEN BAY,WA,-32.430,115.750,Delivery Area
6330,GOODE BEACH,WA,-35.020,117.880,Delivery Area
6468,GOODLANDS,WA,-30.110,117.210,Delivery Area
6460,GOOMALLING,WA,-31.300,116.830,Delivery Area
6415,GOOMARIN,WA,-31.240,118.410,Delivery Area
6076,GOOSEBERRY HILL,WA,-32.010,116.090,Delivery Area
6375,GORGE ROCK,WA,-32.250,117.720,Delivery Area
6556,GORRIE,WA,-31.860,116.320,Delivery Area
6110,GOSNELLS,WA,-32.070,116.000,Delivery Area
6990,GOSNELLS,WA,-32.060,116.010,Post Office Boxes
6284,GRACETOWN,WA,-33.870,115.420,Delivery Area
6503,GRANVILLE,WA,-31.420,115.900,Delivery Area
6446,GRASS PATCH,WA,-33.230,121.720,Delivery Area
6403,GRASS VALLEY,WA,-31.600,116.810,Delivery Area
6514,GREEN HEAD,WA,-30.060,114.970,Delivery Area
6328,GREEN RANGE,WA,-34.840,118.340,Delivery Area
6330,GREEN VALLEY,WA,-35.020,117.880,Delivery Area
6254,GREENBUSHES,WA,-33.850,116.060,Delivery Area
6210,GREENFIELDS,WA,-32.550,115.750,Delivery Area
6302,GREENHILLS,WA,-31.850,117.010,Delivery Area
6056,GREENMOUNT,WA,-31.800,116.030,Delivery Area
6532,GREENOUGH,WA,-27.950,114.610,Delivery Area
6024,GREENWOOD,WA,-31.830,115.800,Delivery Area
6924,GREENWOOD,WA,-32.560,115.800,Post Office Boxes
6405,GREENWOODS VALLEY,WA,-31.510,116.940,Delivery Area
6535,GREGORY,WA,-28.230,114.690,Delivery Area
6521,GREY,WA,-30.390,115.500,Delivery Area
6701,GREYS PLAIN,WA,-24.870,113.630,Delivery Area
6253,GRIMWADE,WA,-33.790,115.980,Delivery Area
6041,GUILDERTON,WA,-31.350,115.530,Delivery Area
6055,GUILDFORD,WA,-31.870,115.980,Delivery Area
6935,GUILDFORD,WA,-31.920,115.920,Post Office Boxes
6315,GUNDARING,WA,-33.340,117.030,Delivery Area
6513,GUNYIDI,WA,-30.150,116.080,Delivery Area
6623,GUTHA,WA,-29.330,116.150,Delivery Area
6302,GWAMBYGINE,WA,-31.850,117.010,Delivery Area
6018,GWELUP,WA,-31.920,115.790,Delivery Area
6018,GWELUP DC,WA,-31.920,115.790,Delivery Area
6237,GWINDINUP,WA,-33.480,115.730,Delivery Area
6076,HACKETTS GULLY,WA,-32.010,116.090,Delivery Area
6770,HALLS CREEK,WA,-18.220,127.670,Delivery Area
6210,HALLS HEAD,WA,-32.550,115.750,Delivery Area
6215,HAMEL,WA,-32.880,115.920,Delivery Area
6288,HAMELIN BAY,WA,-34.160,115.200,Delivery Area
6532,HAMELIN POOL,WA,-27.950,114.610,Delivery Area
6022,HAMERSLEY,WA,-31.850,115.800,Delivery Area
6716,HAMERSLEY RANGE,WA,-21.650,116.130,Delivery Area
6163,HAMILTON HILL,WA,-32.090,115.840,Delivery Area
6963,HAMILTON HILL,WA,-32.080,115.790,Post Office Boxes
6164,HAMMOND PARK,WA,-32.130,115.860,Delivery Area
6430,HANNANS,WA,-30.810,121.380,Delivery Area
6433,HANNANS PO,WA,-31.880,115.920,Post Office Boxes
6225,HARRIS RIVER,WA,-33.340,116.100,Delivery Area
6112,HARRISDALE,WA,-32.150,116.010,Delivery Area
6361,HARRISMITH,WA,-32.930,117.880,Delivery Area
6220,HARVEY,WA,-33.000,115.890,Delivery Area
6308,HASTINGS,WA,-32.680,116.820,Delivery Area
6356,HATTER HILL,WA,-33.090,119.660,Delivery Area
6333,HAY,WA,-34.970,116.950,Delivery Area
6112,HAYNES,WA,-32.150,116.010,Delivery Area
6055,HAZELMERE,WA,-31.870,115.980,Delivery Area
6333,HAZELVALE,WA,-34.970,116.950,Delivery Area
6027,HEATHRIDGE,WA,-31.780,115.760,Delivery Area
6056,HELENA VALLEY,WA,-31.800,116.030,Delivery Area
6166,HENDERSON,WA,-32.120,115.770,Delivery Area
6055,HENLEY BROOK,WA,-31.870,115.980,Delivery Area
6236,HENTY,WA,-33.470,115.810,Delivery Area
6017,HERDSMAN,WA,-31.910,115.810,Delivery Area
6056,HERNE HILL,WA,-31.800,116.030,Delivery Area
6211,HERRON,WA,-32.690,115.650,Delivery Area
6255,HESTER,WA,-33.790,116.300,Delivery Area
6255,HESTER BROOK,WA,-33.790,116.300,Delivery Area
6532,HICKETY,WA,-27.950,114.610,Delivery Area
6443,HIGGINSVILLE,WA,-32.470,123.830,Delivery Area
6057,HIGH WYCOMBE,WA,-31.940,116.010,Delivery Area
6313,HIGHBURY,WA,-33.060,117.150,Delivery Area
6003,HIGHGATE,WA,-31.940,115.870,Delivery Area
6112,HILBERT,WA,-32.150,116.010,Delivery Area
6521,HILL RIVER,WA,-30.390,115.500,Delivery Area
6025,HILLARYS,WA,-31.780,115.770,Delivery Area
6923,HILLARYS,WA,0.000,0.000,Post Office Boxes
6168,HILLMAN,WA,-32.300,115.760,Delivery Area
6312,HILLSIDE,WA,-32.950,117.360,Delivery Area
6163,HILTON,WA,-32.090,115.840,Delivery Area
6462,HINDMARSH,WA,-31.270,117.230,Delivery Area
6413,HINES HILL,WA,-31.530,118.080,Delivery Area
6280,HITHERGREEN,WA,-33.680,115.460,Delivery Area
6065,HOCKING,WA,-31.730,115.790,Delivery Area
6566,HODDYS WELL,WA,-31.380,116.530,Delivery Area
6220,HOFFMAN,WA,-33.000,115.890,Delivery Area
6426,HOLLETON,WA,-31.150,119.150,Delivery Area
6522,HOLMWOOD,WA,-29.300,115.490,Delivery Area
6355,HOLT ROCK,WA,-33.430,119.520,Delivery Area
6213,HOLYOAKE,WA,-32.620,116.080,Delivery Area
6799,HOME ISLAND COCOS (KEELING) ISLANDS,WA,-12.170,96.830,Post Office Boxes
6165,HOPE VALLEY,WA,-32.190,115.800,Delivery Area
6125,HOPELAND,WA,-32.360,115.900,Delivery Area
6348,HOPETOUN,WA,-33.870,120.160,Delivery Area
6535,HORROCKS,WA,-28.230,114.690,Delivery Area
6530,HOUTMAN ABROLHOS,WA,-28.790,114.600,Delivery Area
6071,HOVEA,WA,-31.910,116.100,Delivery Area
6532,HOWATHARRA,WA,-27.950,114.610,Delivery Area
6450,HOWICK,WA,-33.820,121.940,Delivery Area
6460,HULONGINE,WA,-31.300,116.830,Delivery Area
6110,HUNTINGDALE,WA,-32.070,116.000,Delivery Area
6359,HYDEN,WA,-32.440,119.780,Delivery Area
6522,IKEWA,WA,-29.300,115.490,Delivery Area
6028,ILUKA,WA,-31.730,115.720,Delivery Area
6721,INDEE,WA,-20.790,118.600,Delivery Area
6701,INGGARDA,WA,-24.870,113.630,Delivery Area
6213,INGLEHOPE,WA,-32.620,116.080,Delivery Area
6052,INGLEWOOD,WA,-31.910,115.890,Delivery Area
6932,INGLEWOOD,WA,-31.920,115.880,Post Office Boxes
6302,INKPEN,WA,-31.850,117.010,Delivery Area
6018,INNALOO,WA,-31.920,115.790,Delivery Area
6918,INNALOO,WA,0.000,0.000,Post Office Boxes
6751,INNAWANGA,WA,-21.910,118.090,Delivery Area
6401,IRISHTOWN,WA,-31.540,116.610,Delivery Area
0872,IRRUNYTJU,WA,,,Delivery Area
6525,IRWIN,WA,-29.050,115.030,Delivery Area
6452,ISRAELITE BAY,WA,-32.920,122.900,Delivery Area
6535,ISSEKA,WA,-28.230,114.690,Delivery Area
6335,JACKITUP,WA,-33.940,118.010,Delivery Area
6337,JACUP,WA,-33.750,119.460,Delivery Area
6275,JALBARRAGUP,WA,-33.840,115.660,Delivery Area
6315,JALORAN,WA,-33.340,117.030,Delivery Area
6077,JANDABUP,WA,0.000,0.000,Delivery Area
6164,JANDAKOT,WA,-32.130,115.860,Delivery Area
6056,JANE BROOK,WA,-31.800,116.030,Delivery Area
6258,JARDEE,WA,-34.230,116.200,Delivery Area
6728,JARLMADANGAH BURRU,WA,,,Delivery Area
6124,JARRAHDALE,WA,-32.340,116.070,Delivery Area
6275,JARRAHWOOD,WA,-33.840,115.660,Delivery Area
6306,JELCOBINE,WA,-32.370,117.310,Delivery Area
6401,JENNACUBBINE,WA,-31.540,116.610,Delivery Area
6401,JENNAPULLIN,WA,-31.540,116.610,Delivery Area
6346,JERDACUTTUP,WA,-34.070,119.590,Delivery Area
6337,JERRAMUNGUP,WA,-33.750,119.460,Delivery Area
6612,JIBBERDING,WA,-30.020,116.780,Delivery Area
6753,JIGALONG,WA,,,Delivery Area
6365,JILAKIN,WA,-32.680,118.440,Delivery Area
6036,JINDALEE,WA,-31.650,115.710,Delivery Area
6280,JINDONG,WA,-33.680,115.460,Delivery Area
6395,JINGALUP,WA,-33.700,117.230,Delivery Area
6365,JITARNING,WA,-32.680,118.440,Delivery Area
6014,JOLIMONT,WA,-31.940,115.790,Delivery Area
6027,JOONDALUP,WA,-31.780,115.760,Delivery Area
6027,JOONDALUP DC,WA,-31.780,115.760,Delivery Area
6919,JOONDALUP DC,WA,0.000,0.000,Post Office Boxes
6060,JOONDANNA,WA,-31.910,115.850,Delivery Area
6567,JULIMAR,WA,-31.460,116.420,Delivery Area
6751,JUNA DOWNS,WA,-21.910,118.090,Delivery Area
6516,JURIEN BAY,WA,-30.310,115.040,Delivery Area
6519,KADATHINNI,WA,-29.440,115.630,Delivery Area
6076,KALAMUNDA,WA,-32.010,116.090,Delivery Area
6926,KALAMUNDA,WA,-31.940,116.010,Post Office Boxes
6468,KALANNIE,WA,-30.110,117.210,Delivery Area
6536,KALBARRI,WA,-27.710,114.160,Delivery Area
6536,KALBARRI NATIONAL PARK,WA,-27.710,114.160,Delivery Area
6330,KALGAN,WA,-35.020,117.880,Delivery Area
6430,KALGOORLIE,WA,-30.810,121.380,Delivery Area
6433,KALGOORLIE DC,WA,,,Post Office Boxes
6433,KALGOORLIE PO,WA,-31.880,115.920,Post Office Boxes
6280,KALGUP,WA,-33.680,115.460,Delivery Area
6025,KALLAROO,WA,-31.780,115.770,Delivery Area
6280,KALOORUP,WA,-33.680,115.460,Delivery Area
6740,KALUMBURU,WA,-14.910,126.670,Delivery Area
6442,KAMBALDA EAST,WA,-31.210,121.620,Delivery Area
6442,KAMBALDA WEST,WA,-31.210,121.620,Delivery Area
6255,KANGAROO GULLY,WA,-33.790,116.300,Delivery Area
6431,KANOWNA,WA,-30.800,121.640,Delivery Area
0872,KANPA,WA,,,Delivery Area
6044,KARAKIN,WA,-31.050,115.420,Delivery Area
6642,KARALUNDI,WA,,,Delivery Area
6152,KARAWARA,WA,-31.990,115.870,Delivery Area
6163,KARDINYA,WA,-32.090,115.840,Delivery Area
6751,KARIJINI,WA,-21.910,118.090,Delivery Area
6358,KARLGARIN,WA,-32.500,118.710,Delivery Area
6430,KARLKURLA,WA,-30.810,121.380,Delivery Area
6479,KARLONING,WA,-30.880,118.110,Delivery Area
6530,KARLOO,WA,-28.790,114.600,Delivery Area
6176,KARNUP,WA,-32.360,115.910,Delivery Area
6111,KARRAGULLEN,WA,-32.100,116.190,Delivery Area
6010,KARRAKATTA,WA,-31.980,115.780,Delivery Area
6122,KARRAKUP,WA,-32.220,116.010,Delivery Area
6429,KARRAMINDIE,WA,-30.950,120.160,Delivery Area
6460,KARRANADGIN,WA,-31.300,116.830,Delivery Area
6714,KARRATHA,WA,-20.660,117.090,Delivery Area
6714,KARRATHA INDUSTRIAL ESTATE,WA,-20.660,117.090,Delivery Area
6288,KARRIDALE,WA,-34.160,115.200,Delivery Area
6018,KARRINYUP,WA,-31.920,115.790,Delivery Area
6921,KARRINYUP,WA,-31.880,115.790,Post Office Boxes
6472,KARROUN HILL,WA,-30.450,117.870,Delivery Area
6317,KATANNING,WA,-33.630,117.900,Delivery Area
6401,KATRINE,WA,,,Delivery Area
6302,KAURING,WA,-31.850,117.010,Delivery Area
6280,KEALY,WA,-33.680,115.460,Delivery Area
6335,KEBARINGUP,WA,-33.940,118.010,Delivery Area
6410,KELLERBERRIN,WA,-31.620,117.590,Delivery Area
6111,KELMSCOTT,WA,-32.100,116.190,Delivery Area
6991,KELMSCOTT,WA,0.000,0.000,Post Office Boxes
6111,KELMSCOTT DC,WA,-32.100,116.190,Delivery Area
6997,KELMSCOTT DC,WA,0.000,0.000,Post Office Boxes
6323,KENDENUP,WA,-34.500,117.590,Delivery Area
6316,KENMARE,WA,-33.500,117.410,Delivery Area
6701,KENNEDY RANGE,WA,-24.870,113.630,Delivery Area
6151,KENSINGTON,WA,-31.990,115.880,Delivery Area
6333,KENTDALE,WA,-34.970,116.950,Delivery Area
6107,KENWICK,WA,-32.010,115.960,Delivery Area
6182,KERALUP,WA,0.000,0.000,Delivery Area
6105,KEWDALE,WA,-31.960,115.930,Delivery Area
6126,KEYSBROOK,WA,-32.440,115.980,Delivery Area
6054,KIARA,WA,-31.920,115.940,Delivery Area
6728,KIMBOLTON,WA,-17.990,124.180,Delivery Area
6330,KING RIVER,WA,-35.020,117.880,Delivery Area
6005,KINGS PARK,WA,-31.970,115.840,Delivery Area
6701,KINGSFORD,WA,-24.870,113.630,Delivery Area
6026,KINGSLEY,WA,-31.810,115.790,Delivery Area
6256,KINGSTON,WA,-34.010,116.150,Delivery Area
6065,KINGSWAY,WA,-31.730,115.790,Delivery Area
6028,KINROSS,WA,-31.730,115.720,Delivery Area
6372,KIRK ROCK,WA,,,Delivery Area
6251,KIRUP,WA,-33.770,115.830,Delivery Area
0872,KIWIRRKURRA,WA,,,Delivery Area
6328,KOJANEERUP SOUTH,WA,-34.840,118.340,Delivery Area
6532,KOJARENA,WA,-27.950,114.610,Delivery Area
6395,KOJONUP,WA,-33.700,117.230,Delivery Area
6304,KOKEBY,WA,-32.180,117.120,Delivery Area
6367,KONDININ,WA,-32.500,118.270,Delivery Area
6605,KONDUT,WA,-30.710,116.700,Delivery Area
6603,KONNONGORRING,WA,-31.010,116.760,Delivery Area
6510,KOOJAN,WA,-30.730,116.030,Delivery Area
6431,KOOKYNIE,WA,-30.800,121.640,Delivery Area
6733,KOOLAN ISLAND,WA,-16.130,123.740,Delivery Area
6623,KOOLANOOKA,WA,-29.330,116.150,Delivery Area
6427,KOOLYANOBBING,WA,-31.110,119.400,Delivery Area
6461,KOOMBERKINE,WA,-31.200,117.030,Delivery Area
6064,KOONDOOLA,WA,-31.830,115.870,Delivery Area
6056,KOONGAMIA,WA,-31.800,116.030,Delivery Area
6475,KOORDA,WA,-30.690,117.270,Delivery Area
6415,KORBEL,WA,-31.240,118.410,Delivery Area
6333,KORDABUP,WA,-34.970,116.950,Delivery Area
6485,KORRELOCKING,WA,-30.990,117.450,Delivery Area
6330,KRONKUP,WA,-35.020,117.880,Delivery Area
6290,KUDARDUP,WA,-34.320,115.160,Delivery Area
6353,KUENDER,WA,-33.020,118.660,Delivery Area
6352,KUKERIN,WA,-33.190,118.080,Delivery Area
6244,KULIKUP,WA,-33.830,116.390,Delivery Area
6365,KULIN,WA,-32.680,118.440,Delivery Area
6365,KULIN WEST,WA,-32.680,118.440,Delivery Area
6470,KULJA,WA,-30.340,117.340,Delivery Area
6642,KUMARINA,WA,-24.080,118.010,Delivery Area
6770,KUNDAT DJARU,WA,,,Delivery Area
6375,KUNJIN,WA,-32.250,117.720,Delivery Area
6489,KUNUNOPPIN,WA,-31.110,117.920,Delivery Area
6743,KUNUNURRA,WA,-15.170,128.550,Delivery Area
6770,KUPARTIYA,WA,,,Delivery Area
6431,KURNALPI,WA,-30.800,121.640,Delivery Area
6375,KURRENKUTTEN,WA,-32.250,117.720,Delivery Area
6306,KWEDA,WA,-32.370,117.310,Delivery Area
6490,KWELKAN,WA,-31.260,118.010,Delivery Area
6966,KWINANA,WA,-32.140,115.860,Post Office Boxes
6167,KWINANA BEACH,WA,-32.230,115.870,Delivery Area
6167,KWINANA TOWN CENTRE,WA,-32.230,115.870,Delivery Area
6385,KWOLYIN,WA,-31.930,117.760,Delivery Area
6725,LAGRANGE,WA,-17.910,122.250,Delivery Area
6743,LAKE ARGYLE,WA,-15.170,128.550,Delivery Area
6640,LAKE AUSTIN,WA,-27.420,117.900,Delivery Area
6355,LAKE BIDDY,WA,-33.430,119.520,Delivery Area
6479,LAKE BROWN,WA,-30.880,118.110,Delivery Area
6355,LAKE CAMM,WA,-33.430,119.520,Delivery Area
6646,LAKE CARNEGIE,WA,-26.340,122.260,Delivery Area
6215,LAKE CLIFTON,WA,-32.880,115.920,Delivery Area
6166,LAKE COOGEE,WA,,,Delivery Area
6438,LAKE DARLOT,WA,-27.790,121.580,Delivery Area
6484,LAKE DEBORAH,WA,-30.980,119.120,Delivery Area
6353,LAKE GRACE,WA,-33.020,118.660,Delivery Area
6603,LAKE HINDS,WA,-31.010,116.760,Delivery Area
6260,LAKE JASPER,WA,-34.350,115.940,Delivery Area
6356,LAKE KING,WA,-33.090,119.660,Delivery Area
6475,LAKE MARGARETTE,WA,-30.690,117.270,Delivery Area
6258,LAKE MUIR,WA,-34.230,116.200,Delivery Area
6603,LAKE NINAN,WA,-31.010,116.760,Delivery Area
6320,LAKE TOOLBRUNUP,WA,-34.010,117.560,Delivery Area
6440,LAKE WELLS,WA,-27.910,122.330,Delivery Area
6180,LAKELANDS,WA,-31.780,115.860,Delivery Area
6431,LAKEWOOD,WA,-30.800,121.640,Delivery Area
6430,LAMINGTON,WA,-30.810,121.380,Delivery Area
6044,LANCELIN,WA,-31.050,115.420,Delivery Area
6065,LANDSDALE,WA,-31.730,115.790,Delivery Area
6330,LANGE,WA,-35.020,117.880,Delivery Area
6147,LANGFORD,WA,-32.040,115.940,Delivery Area
6616,LATHAM,WA,-29.760,116.440,Delivery Area
6100,LATHLAIN,WA,-31.960,115.900,Delivery Area
6440,LAVERTON,WA,-27.910,122.330,Delivery Area
6707,LEARMONTH,WA,-22.160,113.920,Delivery Area
6170,LEDA,WA,-32.260,115.810,Delivery Area
6043,LEDGE POINT,WA,-31.200,115.420,Delivery Area
6007,LEEDERVILLE,WA,-31.940,115.840,Delivery Area
6902,LEEDERVILLE,WA,0.000,0.000,Post Office Boxes
6903,LEEDERVILLE,WA,0.000,0.000,Post Office Boxes
6514,LEEMAN,WA,-30.060,114.970,Delivery Area
6149,LEEMING,WA,-32.060,115.860,Delivery Area
6290,LEEUWIN,WA,-34.320,115.160,Delivery Area
6437,LEINSTER,WA,-27.450,120.550,Delivery Area
6503,LENNARD BROOK,WA,-31.420,115.900,Delivery Area
6438,LEONORA,WA,-27.790,121.580,Delivery Area
6233,LESCHENAULT,WA,-33.280,115.710,Delivery Area
6111,LESLEY,WA,-32.100,116.190,Delivery Area
6076,LESMURDIE,WA,-32.010,116.090,Delivery Area
6079,LEXIA,WA,0.000,0.000,Delivery Area
6315,LIME LAKE,WA,-33.340,117.030,Delivery Area
6258,LINFARNE,WA,-34.230,116.200,Delivery Area
6330,LITTLE GROVE,WA,-35.020,117.880,Delivery Area
6359,LITTLE ITALY,WA,,,Delivery Area
6646,LITTLE SANDY DESERT,WA,-26.340,122.260,Delivery Area
6522,LOCKIER,WA,-29.300,115.490,Delivery Area
6054,LOCKRIDGE,WA,-31.920,115.940,Delivery Area
6330,LOCKYER,WA,-35.020,117.880,Delivery Area
6311,LOL GRAY,WA,-32.770,117.310,Delivery Area
6429,LONDONDERRY,WA,-30.950,120.160,Delivery Area
6447,LORT RIVER,WA,-33.350,121.390,Delivery Area
6240,LOWDEN,WA,-33.560,115.990,Delivery Area
6084,LOWER CHITTERING,WA,-31.620,116.210,Delivery Area
6390,LOWER HOTHAM,WA,-32.670,116.520,Delivery Area
6330,LOWER KING,WA,-35.020,117.880,Delivery Area
6330,LOWLANDS,WA,-35.020,117.880,Delivery Area
6280,LUDLOW,WA,-33.680,115.460,Delivery Area
6395,LUMEAH,WA,-33.700,117.230,Delivery Area
6225,LYALLS MILL,WA,-33.340,116.100,Delivery Area
6701,LYNDON,WA,-24.870,113.630,Delivery Area
6147,LYNWOOD,WA,-32.040,115.940,Delivery Area
6701,MACLEOD,WA,-24.870,113.630,Delivery Area
6109,MADDINGTON,WA,-32.050,115.980,Delivery Area
6989,MADDINGTON,WA,-32.040,116.010,Post Office Boxes
6065,MADELEY,WA,-31.730,115.790,Delivery Area
6210,MADORA BAY,WA,-32.550,115.750,Delivery Area
6443,MADURA,WA,-32.470,123.830,Delivery Area
6355,MAGENTA,WA,-33.430,119.520,Delivery Area
6338,MAGITUP,WA,-34.240,118.220,Delivery Area
6072,MAHOGANY CREEK,WA,-31.870,116.180,Delivery Area
6530,MAHOMETS FLATS,WA,-28.790,114.600,Delivery Area
6057,MAIDA VALE,WA,-31.940,116.010,Delivery Area
6714,MAITLAND,WA,-20.660,117.090,Delivery Area
6401,MALABAINE,WA,-31.540,116.610,Delivery Area
6090,MALAGA,WA,-31.860,115.890,Delivery Area
6944,MALAGA,WA,-31.860,115.900,Post Office Boxes
6302,MALEBELLING,WA,-31.850,117.010,Delivery Area
6353,MALLEE HILL,WA,-33.020,118.660,Delivery Area
6556,MALMALLING,WA,-31.860,116.320,Delivery Area
6370,MALYALLING,WA,-32.770,117.710,Delivery Area
6167,MANDOGALUP,WA,-32.230,115.870,Delivery Area
6210,MANDURAH,WA,-32.550,115.750,Delivery Area
6210,MANDURAH DC,WA,-32.550,115.750,Delivery Area
6210,MANDURAH EAST,WA,-32.550,115.750,Delivery Area
6210,MANDURAH NORTH,WA,-32.550,115.750,Delivery Area
6258,MANJIMUP,WA,-34.230,116.200,Delivery Area
6465,MANMANNING,WA,-30.870,117.040,Delivery Area
6152,MANNING,WA,-31.990,115.870,Delivery Area
0872,MANTAMARU,WA,,,Delivery Area
6328,MANYPEAKS,WA,-34.840,118.340,Delivery Area
6064,MARANGAROO,WA,-31.830,115.870,Delivery Area
6256,MARANUP,WA,-34.010,116.150,Delivery Area
6330,MARBELUP,WA,-35.020,117.880,Delivery Area
6760,MARBLE BAR,WA,-21.170,119.740,Delivery Area
6515,MARCHAGEE,WA,-29.880,116.020,Delivery Area
6125,MARDELLA,WA,-32.360,115.900,Delivery Area
6714,MARDIE,WA,-20.660,117.090,Delivery Area
6285,MARGARET RIVER,WA,-33.910,115.030,Delivery Area
6078,MARIGINIUP,WA,0.000,0.000,Delivery Area
6020,MARMION,WA,-31.850,115.780,Delivery Area
6608,MARNE,WA,-30.480,116.810,Delivery Area
6317,MARRACOONDA,WA,-33.630,117.900,Delivery Area
6390,MARRADONG,WA,-32.670,116.520,Delivery Area
6532,MARRAH,WA,-27.950,114.610,Delivery Area
6213,MARRINUP,WA,-32.620,116.080,Delivery Area
6110,MARTIN,WA,-32.070,116.000,Delivery Area
6426,MARVEL LOCH,WA,-31.150,119.150,Delivery Area
6280,MARYBROOK,WA,-33.680,115.460,Delivery Area
6701,MASSEY BAY,WA,-24.870,113.630,Delivery Area
6614,MAYA,WA,-29.880,116.500,Delivery Area
6244,MAYANUP,WA,-33.830,116.390,Delivery Area
6051,MAYLANDS,WA,-31.930,115.890,Delivery Area
6931,MAYLANDS,WA,0.000,0.000,Post Office Boxes
6225,MCALINDEN,WA,-33.340,116.100,Delivery Area
6770,MCBEATH,WA,-18.220,127.670,Delivery Area
6330,MCKAIL,WA,-35.020,117.880,Delivery Area
6532,MEADOW,WA,-27.950,114.610,Delivery Area
6210,MEADOW SPRINGS,WA,-32.550,115.750,Delivery Area
6405,MECKERING,WA,-31.510,116.940,Delivery Area
6728,MEDA,WA,-17.990,124.180,Delivery Area
6167,MEDINA,WA,-32.230,115.870,Delivery Area
6642,MEEKATHARRA,WA,-24.080,118.010,Delivery Area
6392,MEEKING,WA,-33.470,116.910,Delivery Area
6208,MEELON,WA,-32.640,115.870,Delivery Area
6401,MEENAAR,WA,-31.540,116.610,Delivery Area
6262,MEERUP,WA,-34.690,116.210,Delivery Area
6079,MELALEUCA,WA,0.000,0.000,Delivery Area
6156,MELVILLE,WA,-32.030,115.800,Delivery Area
6956,MELVILLE,WA,-31.990,115.850,Post Office Boxes
6050,MENORA,WA,-31.910,115.860,Delivery Area
6436,MENZIES,WA,-29.690,121.030,Delivery Area
6352,MERILUP,WA,-33.190,118.080,Delivery Area
6450,MERIVALE,WA,-33.820,121.940,Delivery Area
6625,MERKANOOKA,WA,0.000,0.000,Delivery Area
6415,MERREDIN,WA,-31.240,118.410,Delivery Area
6030,MERRIWA,WA,-31.680,115.720,Delivery Area
6530,MERU,WA,-28.790,114.600,Delivery Area
6280,METRICUP,WA,-33.680,115.460,Delivery Area
6328,METTLER,WA,-34.840,118.340,Delivery Area
6612,MIAMOON,WA,-30.020,116.780,Delivery Area
6056,MIDDLE SWAN,WA,-31.800,116.030,Delivery Area
6258,MIDDLESEX,WA,-34.230,116.200,Delivery Area
6330,MIDDLETON BEACH,WA,-35.020,117.880,Delivery Area
6056,MIDLAND,WA,-31.800,116.030,Delivery Area
6936,MIDLAND DC,WA,0.000,0.000,Post Office Boxes
6056,MIDVALE,WA,-31.800,116.030,Delivery Area
6575,MILING,WA,-30.490,116.360,Delivery Area
6714,MILLARS WELL,WA,-20.660,117.090,Delivery Area
6232,MILLBRIDGE,WA,-33.320,115.700,Delivery Area
6330,MILLBROOK,WA,-35.020,117.880,Delivery Area
6056,MILLENDON,WA,-31.800,116.030,Delivery Area
6336,MILLS LAKE,WA,-34.100,118.550,Delivery Area
6716,MILLSTREAM,WA,-21.650,116.130,Delivery Area
6525,MILO,WA,-29.050,115.030,Delivery Area
6330,MILPARA,WA,-35.020,117.880,Delivery Area
6507,MIMEGARRA,WA,-30.740,115.540,Delivery Area
6336,MINDARABIN,WA,-34.100,118.550,Delivery Area
6030,MINDARIE,WA,-31.680,115.720,Delivery Area
6503,MINDARRA,WA,-31.420,115.900,Delivery Area
6315,MINDING,WA,-33.340,117.030,Delivery Area
6522,MINGENEW,WA,-29.300,115.490,Delivery Area
6312,MINIGIN,WA,-32.950,117.360,Delivery Area
6701,MINILYA,WA,-24.870,113.630,Delivery Area
6532,MINNENOOKA,WA,-27.950,114.610,Delivery Area
6462,MINNIVALE,WA,-31.270,117.230,Delivery Area
6725,MINYIRR,WA,-17.910,122.250,Delivery Area
6330,MIRA MAR,WA,-35.020,117.880,Delivery Area
6061,MIRRABOOKA,WA,-31.860,115.840,Delivery Area
6941,MIRRABOOKA,WA,-31.840,115.860,Post Office Boxes
6740,MITCHELL PLATEAU,WA,-14.910,126.670,Delivery Area
6395,MOBRUP,WA,-33.700,117.230,Delivery Area
6603,MOCARDY,WA,-31.010,116.760,Delivery Area
6506,MOGUMBER,WA,-31.020,115.960,Delivery Area
6401,MOKINE,WA,-31.540,116.610,Delivery Area
6394,MOKUP,WA,-33.570,117.030,Delivery Area
6475,MOLLERIN,WA,-30.690,117.270,Delivery Area
6290,MOLLOY ISLAND,WA,-34.320,115.160,Delivery Area
6338,MONJEBUP,WA,-34.240,118.220,Delivery Area
6450,MONJINGUP,WA,-33.820,121.940,Delivery Area
6537,MONKEY MIA,WA,-25.930,113.530,Delivery Area
6393,MOODIARRUP,WA,-33.510,116.680,Delivery Area
6317,MOOJEBING,WA,-33.630,117.900,Delivery Area
6504,MOOLIABEENEE,WA,-31.330,116.030,Delivery Area
6503,MOONDAH,WA,-31.420,115.900,Delivery Area
6567,MOONDYNE,WA,-31.460,116.420,Delivery Area
6320,MOONIES HILL,WA,-34.010,117.560,Delivery Area
6532,MOONYOONOOKA,WA,-27.950,114.610,Delivery Area
6510,MOORA,WA,-30.730,116.030,Delivery Area
6503,MOORE RIVER NATIONAL PARK,WA,-31.420,115.900,Delivery Area
6522,MOORIARY,WA,-29.300,115.490,Delivery Area
6425,MOORINE ROCK,WA,-31.560,119.150,Delivery Area
6083,MORANGUP,WA,-31.790,116.200,Delivery Area
6623,MORAWA,WA,-29.330,116.150,Delivery Area
6304,MORBINNING,WA,-32.180,117.120,Delivery Area
6258,MORDALUP,WA,-34.230,116.200,Delivery Area
6530,MORESBY,WA,-28.790,114.600,Delivery Area
6701,MORGANTOWN,WA,-24.870,113.630,Delivery Area
6062,MORLEY,WA,-31.900,115.920,Delivery Area
6943,MORLEY,WA,-31.890,115.890,Post Office Boxes
6221,MORNINGTON,WA,-33.150,115.940,Delivery Area
6012,MOSMAN PARK,WA,-32.010,115.760,Delivery Area
6912,MOSMAN PARK,WA,-32.010,115.760,Post Office Boxes
6351,MOULYINNING,WA,-33.190,117.920,Delivery Area
6525,MOUNT ADAMS,WA,-29.050,115.030,Delivery Area
6714,MOUNT ANKETELL,WA,-20.660,117.090,Delivery Area
6324,MOUNT BARKER,WA,-34.720,117.510,Delivery Area
6522,MOUNT BUDD,WA,-29.300,115.490,Delivery Area
6429,MOUNT BURGES,WA,-30.950,120.160,Delivery Area
6410,MOUNT CAROLINE,WA,-31.620,117.590,Delivery Area
6010,MOUNT CLAREMONT,WA,-31.980,115.780,Delivery Area
6330,MOUNT CLARENCE,WA,-35.020,117.880,Delivery Area
6390,MOUNT COOKE,WA,-32.670,116.520,Delivery Area
6330,MOUNT ELPHINSTONE,WA,-35.020,117.880,Delivery Area
6532,MOUNT ERIN,WA,-27.950,114.610,Delivery Area
6426,MOUNT HAMPTON,WA,-31.150,119.150,Delivery Area
6302,MOUNT HARDEY,WA,-31.850,117.010,Delivery Area
6765,MOUNT HARDMAN,WA,-18.190,125.570,Delivery Area
6016,MOUNT HAWTHORN,WA,-31.920,115.810,Delivery Area
6915,MOUNT HAWTHORN,WA,-31.950,115.850,Post Office Boxes
6082,MOUNT HELENA,WA,-31.740,116.300,Delivery Area
6528,MOUNT HILL,WA,-28.980,114.910,Delivery Area
6426,MOUNT HOLLAND,WA,-31.150,119.150,Delivery Area
6525,MOUNT HORNER,WA,-29.050,115.030,Delivery Area
6426,MOUNT JACKSON,WA,-31.150,119.150,Delivery Area
6050,MOUNT LAWLEY,WA,-31.910,115.860,Delivery Area
6929,MOUNT LAWLEY,WA,-31.950,115.850,Post Office Boxes
6333,MOUNT LINDESAY,WA,-34.970,116.950,Delivery Area
6356,MOUNT MADDEN,WA,-33.090,119.660,Delivery Area
6638,MOUNT MAGNET,WA,-28.480,118.170,Delivery Area
6330,MOUNT MELVILLE,WA,-35.020,117.880,Delivery Area
6112,MOUNT NASURA,WA,-32.150,116.010,Delivery Area
6447,MOUNT NEY,WA,-33.350,121.390,Delivery Area
6302,MOUNT OBSERVATION,WA,-31.850,117.010,Delivery Area
6426,MOUNT PALMER,WA,-31.150,119.150,Delivery Area
6153,MOUNT PLEASANT,WA,-32.020,115.830,Delivery Area
6112,MOUNT RICHON,WA,-32.150,116.010,Delivery Area
6333,MOUNT ROMANCE,WA,-34.970,116.950,Delivery Area
6751,MOUNT SHEILA,WA,-21.910,118.090,Delivery Area
6355,MOUNT SHERIDAN,WA,-33.430,119.520,Delivery Area
6383,MOUNT STIRLING,WA,-31.900,117.440,Delivery Area
6530,MOUNT TARCOOLA,WA,-28.790,114.600,Delivery Area
6369,MOUNT WALKER,WA,-32.070,118.760,Delivery Area
6390,MOUNT WELLS,WA,-32.670,116.520,Delivery Area
6472,MOUROUBRA,WA,-30.450,117.870,Delivery Area
6501,MUCHEA,WA,-31.600,115.990,Delivery Area
6503,MUCKENBURRA,WA,-31.420,115.900,Delivery Area
6770,MUELLER RANGES,WA,-18.220,127.670,Delivery Area
6225,MUJA,WA,-33.340,116.100,Delivery Area
6479,MUKINBUDIN,WA,-30.880,118.110,Delivery Area
6714,MULATAGA,WA,-20.660,117.090,Delivery Area
6751,MULGA DOWNS,WA,-21.910,118.090,Delivery Area
6027,MULLALOO,WA,-31.780,115.760,Delivery Area
6252,MULLALYUP,WA,-33.750,115.950,Delivery Area
6630,MULLEWA,WA,-28.640,115.480,Delivery Area
6430,MULLINGAR,WA,-30.810,121.380,Delivery Area
6401,MULUCKINE,WA,-31.540,116.610,Delivery Area
6225,MUMBALLUP,WA,-33.340,116.100,Delivery Area
6401,MUMBERKINE,WA,-31.540,116.610,Delivery Area
6721,MUNDABULLANGANA,WA,-20.790,118.600,Delivery Area
6073,MUNDARING,WA,-31.900,116.170,Delivery Area
6123,MUNDIJONG,WA,-32.300,115.990,Delivery Area
6443,MUNDRABILLA,WA,-32.470,123.830,Delivery Area
6225,MUNGALUP,WA,-33.340,116.100,Delivery Area
6450,MUNGLINUP,WA,-33.820,121.940,Delivery Area
6166,MUNSTER,WA,-32.120,115.770,Delivery Area
6420,MUNTADGIN,WA,-31.800,118.560,Delivery Area
6394,MURADUP,WA,-33.570,117.030,Delivery Area
6630,MURCHISON,WA,-28.640,115.480,Delivery Area
6150,MURDOCH,WA,-32.060,115.840,Delivery Area
6317,MURDONG,WA,-33.630,117.900,Delivery Area
6401,MURESK,WA,-31.540,116.610,Delivery Area
6220,MYALUP,WA,-33.000,115.890,Delivery Area
6207,MYARA,WA,-32.490,116.070,Delivery Area
6154,MYAREE,WA,-32.030,115.810,Delivery Area
6960,MYAREE,WA,,,Post Office Boxes
6450,MYRUP,WA,-33.820,121.940,Delivery Area
6532,NABAWA,WA,-27.950,114.610,Delivery Area
6350,NAIRIBIN,WA,-33.310,117.740,Delivery Area
6485,NALKAIN,WA,-30.990,117.450,Delivery Area
6338,NALYERLUP,WA,-34.240,118.220,Delivery Area
6512,NAMBAN,WA,-30.440,116.040,Delivery Area
6207,NAMBEELUP,WA,-32.490,116.070,Delivery Area
6521,NAMBUNG,WA,-30.390,115.500,Delivery Area
6330,NANARUP,WA,-35.020,117.880,Delivery Area
6537,NANGA,WA,-25.930,113.530,Delivery Area
6215,NANGA BROOK,WA,-32.880,115.920,Delivery Area
6414,NANGEENAN,WA,-31.470,118.150,Delivery Area
6522,NANGETTY,WA,-29.300,115.490,Delivery Area
6275,NANNUP,WA,-33.840,115.660,Delivery Area
6532,NANSON,WA,-27.950,114.610,Delivery Area
6751,NANUTARRA,WA,-21.910,118.090,Delivery Area
6330,NAPIER,WA,-35.020,117.880,Delivery Area
6532,NARALING,WA,-27.950,114.610,Delivery Area
6369,NAREMBEEN,WA,-32.070,118.760,Delivery Area
6532,NARNGULU,WA,-27.950,114.610,Delivery Area
6532,NARRA TARRA,WA,-27.950,114.610,Delivery Area
6302,NARRALOGGAN,WA,-31.850,117.010,Delivery Area
6326,NARRIKUP,WA,-34.770,117.700,Delivery Area
6312,NARROGIN,WA,-32.950,117.360,Delivery Area
6312,NARROGIN VALLEY,WA,-32.950,117.360,Delivery Area
6281,NATURALISTE,WA,-33.620,115.110,Delivery Area
6165,NAVAL BASE,WA,-32.190,115.800,Delivery Area
6440,NEALE,WA,-27.910,122.330,Delivery Area
6009,NEDLANDS,WA,-31.980,115.810,Delivery Area
6909,NEDLANDS,WA,0.000,0.000,Post Office Boxes
6009,NEDLANDS DC,WA,-31.980,115.810,Delivery Area
6336,NEEDILUP,WA,-34.100,118.550,Delivery Area
6353,NEENDALING,WA,-33.020,118.660,Delivery Area
6031,NEERABUP,WA,-31.700,115.810,Delivery Area
6503,NEERGABBY,WA,-31.420,115.900,Delivery Area
6485,NEMBUDDING,WA,-30.990,117.450,Delivery Area
6450,NERIDUP,WA,-33.820,121.940,Delivery Area
6630,NERRAMYNE,WA,-28.640,115.480,Delivery Area
6532,NERREN NERREN,WA,-27.950,114.610,Delivery Area
6509,NEW NORCIA,WA,-30.890,116.240,Delivery Area
6475,NEWCARLBEON,WA,-30.690,117.270,Delivery Area
6355,NEWDEGATE,WA,-33.430,119.520,Delivery Area
6251,NEWLANDS,WA,-33.770,115.830,Delivery Area
6753,NEWMAN,WA,-23.360,119.740,Delivery Area
0872,NGAANYATJARRA-GILES,WA,-21.000,134.380,Delivery Area
6714,NICKOL,WA,-20.660,117.090,Delivery Area
6044,NILGEN,WA,-31.050,115.420,Delivery Area
6288,NILLUP,WA,-34.160,115.200,Delivery Area
6701,NINGALOO,WA,-24.870,113.630,Delivery Area
6350,NIPPERING,WA,-33.310,117.740,Delivery Area
6208,NIRIMBA,WA,-32.640,115.870,Delivery Area
6225,NOGGERUP,WA,-33.340,116.100,Delivery Area
6415,NOKANING,WA,-31.240,118.410,Delivery Area
6532,NOLBA,WA,-27.950,114.610,Delivery Area
6061,NOLLAMARA,WA,-31.860,115.840,Delivery Area
6312,NOMANS LAKE,WA,-32.950,117.360,Delivery Area
6062,NORANDA,WA,-31.900,115.920,Delivery Area
6333,NORNALUP,WA,-34.970,116.950,Delivery Area
6415,NORPA,WA,-31.240,118.410,Delivery Area
6443,NORSEMAN,WA,-32.470,123.830,Delivery Area
6412,NORTH BAANDEE,WA,-31.580,117.990,Delivery Area
6390,NORTH BANNISTER,WA,-32.670,116.520,Delivery Area
6020,NORTH BEACH,WA,-31.850,115.780,Delivery Area
6920,NORTH BEACH,WA,-31.860,115.780,Post Office Boxes
6424,NORTH BODALLIN,WA,-31.370,118.850,Delivery Area
6237,NORTH BOYANUP,WA,-33.480,115.730,Delivery Area
6353,NORTH BURNGUP,WA,-33.020,118.660,Delivery Area
6445,NORTH CASCADE,WA,-32.910,121.100,Delivery Area
6163,NORTH COOGEE,WA,-32.090,115.840,Delivery Area
6207,NORTH DANDALUP,WA,-32.490,116.070,Delivery Area
6532,NORTH ERADU,WA,-27.950,114.610,Delivery Area
6159,NORTH FREMANTLE,WA,-32.030,115.750,Delivery Area
6254,NORTH GREENBUSHES,WA,-33.850,116.060,Delivery Area
6280,NORTH JINDONG,WA,-33.680,115.460,Delivery Area
6410,NORTH KELLERBERRIN,WA,-31.620,117.590,Delivery Area
6352,NORTH KUKERIN,WA,-33.190,118.080,Delivery Area
6489,NORTH KUNUNOPPIN,WA,-31.110,117.920,Delivery Area
6163,NORTH LAKE,WA,-32.090,115.840,Delivery Area
6353,NORTH LAKE GRACE,WA,-33.020,118.660,Delivery Area
6351,NORTH MOULYINNING,WA,-33.190,117.920,Delivery Area
6006,NORTH PERTH,WA,-31.980,115.760,Delivery Area
6906,NORTH PERTH,WA,-31.980,115.760,Post Office Boxes
6701,NORTH PLANTATIONS,WA,-24.870,113.630,Delivery Area
6338,NORTH STIRLINGS,WA,-34.240,118.220,Delivery Area
6409,NORTH TAMMIN,WA,-31.520,117.430,Delivery Area
6488,NORTH TRAYNING,WA,-31.040,117.790,Delivery Area
6398,NORTH WALPOLE,WA,-34.920,116.470,Delivery Area
6707,NORTH WEST CAPE,WA,-22.160,113.920,Delivery Area
6473,NORTH WIALKI,WA,-30.330,118.220,Delivery Area
6487,NORTH YELBENI,WA,-31.060,117.660,Delivery Area
6208,NORTH YUNDERUP,WA,-32.640,115.870,Delivery Area
6401,NORTHAM,WA,-31.540,116.610,Delivery Area
6535,NORTHAMPTON,WA,-28.230,114.690,Delivery Area
6003,NORTHBRIDGE,WA,-31.940,115.870,Delivery Area
6865,NORTHBRIDGE,WA,0.000,0.000,Post Office Boxes
6262,NORTHCLIFFE,WA,-34.690,116.210,Delivery Area
6532,NORTHERN GULLY,WA,-27.950,114.610,Delivery Area
6905,NORTHLANDS PO,WA,0.000,0.000,Post Office Boxes
6032,NOWERGUP,WA,-31.640,115.740,Delivery Area
6609,NUGADONG,WA,-30.280,116.660,Delivery Area
6480,NUKARNI,WA,-31.290,118.200,Delivery Area
6758,NULLAGINE,WA,-21.910,120.200,Delivery Area
6330,NULLAKI,WA,-35.020,117.880,Delivery Area
6450,NULSEN,WA,-33.820,121.940,Delivery Area
6490,NUNGARIN,WA,-31.260,118.010,Delivery Area
6630,NUNIERRA,WA,-28.640,115.480,Delivery Area
6566,NUNILE,WA,-31.380,116.530,Delivery Area
6341,NYABING,WA,-33.540,118.150,Delivery Area
6532,OAKAJEE,WA,-27.950,114.610,Delivery Area
6121,OAKFORD,WA,-32.210,115.920,Delivery Area
6208,OAKLEY,WA,-32.640,115.870,Delivery Area
6333,OCEAN BEACH,WA,-34.970,116.950,Delivery Area
6027,OCEAN REEF,WA,-31.780,115.760,Delivery Area
6535,OGILVIE,WA,-28.230,114.690,Delivery Area
6569,OLD PLAINS,WA,-31.090,116.450,Delivery Area
6121,OLDBURY,WA,-32.210,115.920,Delivery Area
6336,ONGERUP,WA,-34.100,118.550,Delivery Area
6710,ONSLOW,WA,-22.100,115.860,Delivery Area
6740,OOMBULGURRI,WA,-14.910,126.670,Delivery Area
6431,ORA BANDA,WA,-30.800,121.640,Delivery Area
6330,ORANA,WA,-35.020,117.880,Delivery Area
6109,ORANGE GROVE,WA,-32.050,115.980,Delivery Area
6503,ORANGE SPRINGS,WA,-31.420,115.900,Delivery Area
6394,ORCHID VALLEY,WA,-33.570,117.030,Delivery Area
6770,ORD RIVER,WA,-18.220,127.670,Delivery Area
6167,ORELIA,WA,-32.230,115.870,Delivery Area
6017,OSBORNE PARK,WA,-31.910,115.810,Delivery Area
6916,OSBORNE PARK,WA,-31.890,115.800,Post Office Boxes
6917,OSBORNE PARK,WA,-31.890,115.800,Post Office Boxes
6017,OSBORNE PARK DC,WA,-31.910,115.810,Delivery Area
6916,OSBORNE PARK DC,WA,-31.890,115.800,Post Office Boxes
6285,OSMINGTON,WA,-33.910,115.030,Delivery Area
6025,PADBURY,WA,-31.780,115.770,Delivery Area
6258,PALGARUP,WA,-34.230,116.200,Delivery Area
6335,PALLINUP,WA,-33.940,118.010,Delivery Area
6328,PALMDALE,WA,-34.840,118.340,Delivery Area
6225,PALMER,WA,-33.340,116.100,Delivery Area
6157,PALMYRA,WA,-32.030,115.780,Delivery Area
6957,PALMYRA,WA,0.000,0.000,Post Office Boxes
6157,PALMYRA DC,WA,-32.030,115.780,Delivery Area
6961,PALMYRA DC,WA,0.000,0.000,Post Office Boxes
6716,PANNAWONICA,WA,-21.650,116.130,Delivery Area
6384,PANTAPIN,WA,-31.950,117.660,Delivery Area
0872,PAPULANKUTJA,WA,,,Delivery Area
6754,PARABURDOO,WA,-23.170,117.750,Delivery Area
6236,PARADISE,WA,-33.470,115.810,Delivery Area
6721,PARDOO,WA,-20.790,118.600,Delivery Area
6426,PARKER RANGE,WA,-31.150,119.150,Delivery Area
6081,PARKERVILLE,WA,-31.880,116.150,Delivery Area
6434,PARKESTON,WA,-30.500,123.120,Delivery Area
6233,PARKFIELD,WA,-33.280,115.710,Delivery Area
6180,PARKLANDS,WA,-31.780,115.860,Delivery Area
6147,PARKWOOD,WA,-32.040,115.940,Delivery Area
6167,PARMELIA,WA,-32.230,115.870,Delivery Area
6333,PARRYVILLE,WA,-34.970,116.950,Delivery Area
0872,PATJARR,WA,,,Delivery Area
6076,PAULLS VALLEY,WA,-32.010,116.090,Delivery Area
6239,PAYNEDALE,WA,-33.550,115.770,Delivery Area
6612,PAYNES FIND,WA,-30.020,116.780,Delivery Area
6638,PAYNESVILLE,WA,-28.480,118.170,Delivery Area
6333,PEACEFUL BAY,WA,-34.970,116.950,Delivery Area
6642,PEAK HILL,WA,-24.080,118.010,Delivery Area
6065,PEARSALL,WA,-31.730,115.790,Delivery Area
6710,PEEDAMULLA,WA,-22.100,115.860,Delivery Area
6260,PEERABEELUP,WA,-34.350,115.940,Delivery Area
6714,PEGS CREEK,WA,-20.660,117.090,Delivery Area
6230,PELICAN POINT,WA,-33.330,115.640,Delivery Area
6260,PEMBERTON,WA,-34.350,115.940,Delivery Area
6011,PEPPERMINT GROVE,WA,-32.000,115.760,Delivery Area
6271,PEPPERMINT GROVE BEACH,WA,-33.560,115.560,Delivery Area
6620,PERENJORI,WA,-29.440,116.290,Delivery Area
6324,PERILLUP,WA,-34.720,117.510,Delivery Area
6168,PERON,WA,-32.300,115.760,Delivery Area
6000,PERTH,WA,-31.920,115.910,Delivery Area
6001,PERTH,WA,-31.990,115.760,Post Office Boxes
6800,PERTH,WA,-31.990,115.760,Post Office Boxes
6837,PERTH,WA,-31.990,115.760,Post Office Boxes
6838,PERTH,WA,-31.990,115.760,Post Office Boxes
6839,PERTH,WA,-31.990,115.760,Post Office Boxes
6840,PERTH,WA,-31.990,115.760,Post Office Boxes
6841,PERTH,WA,-31.990,115.760,Post Office Boxes
6842,PERTH,WA,-31.990,115.760,Post Office Boxes
6843,PERTH,WA,-31.990,115.760,Post Office Boxes
6844,PERTH,WA,-31.990,115.760,Post Office Boxes
6845,PERTH,WA,-31.990,115.760,Post Office Boxes
6846,PERTH,WA,-31.990,115.760,Post Office Boxes
6847,PERTH,WA,-31.990,115.760,Post Office Boxes
6848,PERTH,WA,-31.990,115.760,Post Office Boxes
6105,PERTH AIRPORT,WA,-31.960,115.930,Delivery Area
6849,PERTH BC,WA,0.000,0.000,Post Office Boxes
6000,PERTH GPO,WA,-31.920,115.910,Delivery Area
6831,PERTH ST GEORGES TCE,WA,-31.960,115.860,Post Office Boxes
6258,PERUP,WA,-34.230,116.200,Delivery Area
6468,PETRUDOR,WA,-30.110,117.210,Delivery Area
6112,PIARA WATERS,WA,-32.150,116.010,Delivery Area
6572,PIAWANING,WA,0.000,0.000,Delivery Area
6430,PICCADILLY,WA,-30.810,121.380,Delivery Area
6076,PICKERING BROOK,WA,-32.010,116.090,Delivery Area
6229,PICTON,WA,-33.350,115.690,Delivery Area
6229,PICTON EAST,WA,-33.350,115.690,Delivery Area
6076,PIESSE BROOK,WA,-32.010,116.090,Delivery Area
6315,PIESSEVILLE,WA,-33.340,117.030,Delivery Area
6631,PINDAR,WA,-28.480,115.790,Delivery Area
6357,PINGARING,WA,-32.760,118.630,Delivery Area
6308,PINGELLY,WA,-32.680,116.820,Delivery Area
6343,PINGRUP,WA,-33.650,118.520,Delivery Area
6078,PINJAR,WA,0.000,0.000,Delivery Area
6208,PINJARRA,WA,-32.640,115.870,Delivery Area
6450,PINK LAKE,WA,-33.820,121.940,Delivery Area
6623,PINTHARUKA,WA,-29.330,116.150,Delivery Area
6317,PINWERNYING,WA,-33.630,117.900,Delivery Area
6722,PIPPINGARRA,WA,-20.400,118.570,Delivery Area
6608,PITHARA,WA,-30.480,116.810,Delivery Area
6431,PLUMRIDGE LAKES,WA,-30.800,121.640,Delivery Area
6208,POINT GREY,WA,-32.640,115.870,Delivery Area
6720,POINT SAMSON,WA,-20.680,117.190,Delivery Area
6309,POPANYINNING,WA,-32.630,117.260,Delivery Area
6324,PORONGURUP,WA,-34.720,117.510,Delivery Area
6330,PORT ALBANY,WA,-35.020,117.880,Delivery Area
6525,PORT DENISON,WA,-29.050,115.030,Delivery Area
6721,PORT HEDLAND,WA,-20.790,118.600,Delivery Area
6172,PORT KENNEDY,WA,-32.380,115.750,Delivery Area
6167,POSTANS,WA,-32.230,115.870,Delivery Area
6215,PRESTON BEACH,WA,-32.880,115.920,Delivery Area
6225,PRESTON SETTLEMENT,WA,-33.340,116.100,Delivery Area
6285,PREVELLY,WA,-33.910,115.030,Delivery Area
6740,PRINCE REGENT RIVER,WA,-14.910,126.670,Delivery Area
6308,PUMPHREYS BRIDGE,WA,-32.680,116.820,Delivery Area
6770,PURNULULU,WA,-18.220,127.670,Delivery Area
6383,QUAIRADING,WA,-31.900,117.440,Delivery Area
6394,QUALEUP,WA,-33.570,117.030,Delivery Area
6281,QUEDJINUP,WA,-33.620,115.110,Delivery Area
6107,QUEENS PARK,WA,-32.010,115.960,Delivery Area
6239,QUEENWOOD,WA,-33.550,115.770,Delivery Area
6405,QUELAGETTING,WA,-31.510,116.940,Delivery Area
6302,QUELLINGTON,WA,-31.850,117.010,Delivery Area
6281,QUINDALUP,WA,-33.620,115.110,Delivery Area
6391,QUINDANNING,WA,-33.040,116.570,Delivery Area
6258,QUINNINUP,WA,-34.230,116.200,Delivery Area
6030,QUINNS ROCKS,WA,-31.680,115.720,Delivery Area
6390,RANFORD,WA,-32.670,116.520,Delivery Area
6530,RANGEWAY,WA,-28.790,114.600,Delivery Area
6346,RAVENSTHORPE,WA,-34.070,119.590,Delivery Area
6208,RAVENSWOOD,WA,-32.640,115.870,Delivery Area
6434,RAWLINNA,WA,-30.500,123.120,Delivery Area
6503,RED GULLY,WA,-31.420,115.900,Delivery Area
6056,RED HILL,WA,-31.800,116.030,Delivery Area
6721,REDBANK,WA,-20.790,118.600,Delivery Area
6104,REDCLIFFE,WA,-31.940,115.920,Delivery Area
6286,REDGATE,WA,-34.130,115.050,Delivery Area
6327,REDMOND,WA,-34.890,117.690,Delivery Area
6327,REDMOND WEST,WA,-34.890,117.690,Delivery Area
6640,REEDY,WA,-27.420,117.900,Delivery Area
6507,REGANS FORD,WA,-30.740,115.540,Delivery Area
6280,REINSCOURT,WA,-33.680,115.460,Delivery Area
6472,REMLAP,WA,-30.450,117.870,Delivery Area
6076,RESERVOIR,WA,-32.010,116.090,Delivery Area
6030,RIDGEWOOD,WA,-31.680,115.720,Delivery Area
6258,RINGBARK,WA,-34.230,116.200,Delivery Area
6148,RIVERTON,WA,-32.030,115.920,Delivery Area
6103,RIVERVALE,WA,-31.960,115.910,Delivery Area
6330,ROBINSON,WA,-35.020,117.880,Delivery Area
6168,ROCKINGHAM,WA,-32.300,115.760,Delivery Area
6968,ROCKINGHAM,WA,-32.110,115.780,Post Office Boxes
6168,ROCKINGHAM BEACH,WA,-32.300,115.760,Delivery Area
6969,ROCKINGHAM BEACH,WA,-32.260,115.750,Post Office Boxes
6168,ROCKINGHAM DC,WA,-32.300,115.760,Delivery Area
6967,ROCKINGHAM DC,WA,0.000,0.000,Post Office Boxes
6751,ROCKLEA,WA,-21.910,118.090,Delivery Area
6532,ROCKWELL,WA,-27.950,114.610,Delivery Area
6397,ROCKY GULLY,WA,-34.480,117.100,Delivery Area
6718,ROEBOURNE,WA,-20.780,117.150,Delivery Area
6725,ROEBUCK,WA,-17.910,122.250,Delivery Area
6226,ROELANDS,WA,-33.290,115.830,Delivery Area
6111,ROLEYSTONE,WA,-32.100,116.190,Delivery Area
6285,ROSA BROOK,WA,-33.910,115.030,Delivery Area
6285,ROSA GLEN,WA,-33.910,115.030,Delivery Area
6401,ROSSMORE,WA,-31.540,116.610,Delivery Area
6148,ROSSMOYNE,WA,-32.030,115.920,Delivery Area
6620,ROTHSAY,WA,-29.440,116.290,Delivery Area
6161,ROTTNEST ISLAND,WA,-32.010,115.500,Delivery Area
6280,RUABON,WA,-33.680,115.460,Delivery Area
6532,RUDDS GULLY,WA,-27.950,114.610,Delivery Area
6395,RYANSBROOK,WA,-33.700,117.230,Delivery Area
6280,SABINA RIVER,WA,-33.680,115.460,Delivery Area
6169,SAFETY BAY,WA,-32.300,115.710,Delivery Area
6445,SALMON GUMS,WA,-32.910,121.100,Delivery Area
6152,SALTER POINT,WA,-31.990,115.870,Delivery Area
6163,SAMSON,WA,-32.090,115.840,Delivery Area
6210,SAN REMO,WA,-32.550,115.750,Delivery Area
6330,SANDPATCH,WA,-35.020,117.880,Delivery Area
6532,SANDSPRINGS,WA,-27.950,114.610,Delivery Area
6639,SANDSTONE,WA,-28.200,119.650,Delivery Area
6535,SANDY GULLY,WA,-28.230,114.690,Delivery Area
6074,SAWYERS VALLEY,WA,-31.900,116.200,Delivery Area
6447,SCADDAN,WA,-33.350,121.390,Delivery Area
6019,SCARBOROUGH,WA,-31.890,115.760,Delivery Area
6922,SCARBOROUGH,WA,-31.900,115.800,Post Office Boxes
6285,SCHROEDER,WA,-33.910,115.030,Delivery Area
6333,SCOTSDALE,WA,-34.970,116.950,Delivery Area
6288,SCOTT RIVER,WA,-34.160,115.200,Delivery Area
6275,SCOTT RIVER EAST,WA,-33.840,115.660,Delivery Area
6244,SCOTTS BROOK,WA,-33.830,116.390,Delivery Area
6042,SEABIRD,WA,-31.250,115.450,Delivery Area
6173,SECRET HARBOUR,WA,-32.400,115.750,Delivery Area
6330,SEPPINGS,WA,-35.020,117.880,Delivery Area
6125,SERPENTINE,WA,-32.360,115.900,Delivery Area
6112,SEVILLE GROVE,WA,-32.150,116.010,Delivery Area
6386,SHACKLETON,WA,-31.930,117.840,Delivery Area
6333,SHADFORTH,WA,-34.970,116.950,Delivery Area
6262,SHANNON,WA,-34.690,116.210,Delivery Area
6537,SHARK BAY,WA,-25.930,113.530,Delivery Area
6148,SHELLEY,WA,-32.030,115.920,Delivery Area
6008,SHENTON PARK,WA,-31.950,115.810,Delivery Area
6714,SHERLOCK,WA,-20.660,117.090,Delivery Area
6169,SHOALWATER,WA,-32.300,115.710,Delivery Area
6225,SHOTTS,WA,-33.340,116.100,Delivery Area
6280,SIESTA PARK,WA,-33.680,115.460,Delivery Area
6210,SILVER SANDS,WA,-32.550,115.750,Delivery Area
6065,SINAGRA,WA,-31.730,115.790,Delivery Area
6450,SINCLAIR,WA,-33.820,121.940,Delivery Area
6175,SINGLETON,WA,-32.450,115.760,Delivery Area
6437,SIR SAMUEL,WA,-27.450,120.550,Delivery Area
6426,SKELETON ROCK,WA,-31.150,119.150,Delivery Area
6258,SMITH BROOK,WA,-34.230,116.200,Delivery Area
6207,SOLUS,WA,-32.490,116.070,Delivery Area
6430,SOMERVILLE,WA,-30.810,121.380,Delivery Area
6020,SORRENTO,WA,-31.850,115.780,Delivery Area
6424,SOUTH BODALLIN,WA,-31.370,118.850,Delivery Area
6432,SOUTH BOULDER,WA,-30.780,121.490,Delivery Area
6230,SOUTH BUNBURY,WA,-33.330,115.640,Delivery Area
6421,SOUTH BURRACOPPIN,WA,-31.400,118.480,Delivery Area
6701,SOUTH CARNARVON,WA,-24.870,113.630,Delivery Area
6317,SOUTH DATATINE,WA,-33.630,117.900,Delivery Area
6411,SOUTH DOODLAKINE,WA,-31.610,117.880,Delivery Area
6162,SOUTH FREMANTLE,WA,-32.070,115.760,Delivery Area
6317,SOUTH GLENCOE,WA,-33.630,117.900,Delivery Area
6528,SOUTH GREENOUGH,WA,-28.980,114.910,Delivery Area
6055,SOUTH GUILDFORD,WA,-31.870,115.980,Delivery Area
6722,SOUTH HEDLAND,WA,-20.400,118.570,Delivery Area
6430,SOUTH KALGOORLIE,WA,-30.810,121.380,Delivery Area
6352,SOUTH KUKERIN,WA,-33.190,118.080,Delivery Area
6368,SOUTH KUMMININ,WA,-32.210,118.330,Delivery Area
6489,SOUTH KUNUNOPPIN,WA,-31.110,117.920,Delivery Area
6164,SOUTH LAKE,WA,-32.130,115.860,Delivery Area
6353,SOUTH LAKE GRACE,WA,-33.020,118.660,Delivery Area
6635,SOUTH MURCHISON,WA,-27.320,116.570,Delivery Area
6355,SOUTH NEWDEGATE,WA,-33.430,119.520,Delivery Area
6151,SOUTH PERTH,WA,-31.990,115.880,Delivery Area
6951,SOUTH PERTH,WA,-32.070,115.820,Post Office Boxes
6151,SOUTH PERTH ANGELO ST,WA,-31.990,115.880,Delivery Area
6701,SOUTH PLANTATIONS,WA,-24.870,113.630,Delivery Area
6383,SOUTH QUAIRADING,WA,-31.900,117.440,Delivery Area
6324,SOUTH STIRLING,WA,-34.720,117.510,Delivery Area
6409,SOUTH TAMMIN,WA,-31.520,117.430,Delivery Area
6488,SOUTH TRAYNING,WA,-31.040,117.790,Delivery Area
6487,SOUTH YELBENI,WA,-31.060,117.660,Delivery Area
6426,SOUTH YILGARN,WA,-31.150,119.150,Delivery Area
6532,SOUTH YUNA,WA,-27.950,114.610,Delivery Area
6208,SOUTH YUNDERUP,WA,-32.640,115.870,Delivery Area
6253,SOUTHAMPTON,WA,-33.790,115.980,Delivery Area
6401,SOUTHERN BROOK,WA,-31.540,116.610,Delivery Area
6426,SOUTHERN CROSS,WA,-31.150,119.150,Delivery Area
6110,SOUTHERN RIVER,WA,-32.070,116.000,Delivery Area
6530,SPALDING,WA,-28.790,114.600,Delivery Area
6163,SPEARWOOD,WA,-32.090,115.840,Delivery Area
6330,SPENCER PARK,WA,-35.020,117.880,Delivery Area
6401,SPENCERS BROOK,WA,-31.540,116.610,Delivery Area
6525,SPRINGFIELD,WA,-29.050,115.030,Delivery Area
6308,SPRINGS,WA,-32.680,116.820,Delivery Area
6728,ST GEORGE RANGES,WA,-17.990,124.180,Delivery Area
6102,ST JAMES,WA,-32.000,115.920,Delivery Area
6302,ST RONANS,WA,-31.850,117.010,Delivery Area
6181,STAKE HILL,WA,0.000,0.000,Delivery Area
6021,STIRLING,WA,-31.860,115.820,Delivery Area
6271,STIRLING ESTATE,WA,-33.560,115.560,Delivery Area
6338,STIRLING RANGE NATIONAL PARK,WA,-34.240,118.220,Delivery Area
6081,STONEVILLE,WA,-31.880,116.150,Delivery Area
6714,STOVE HILL,WA,-20.660,117.090,Delivery Area
6530,STRATHALBYN,WA,-28.790,114.600,Delivery Area
6237,STRATHAM,WA,-33.480,115.730,Delivery Area
6309,STRATHERNE,WA,-32.630,117.260,Delivery Area
6056,STRATTON,WA,-31.800,116.030,Delivery Area
6721,STRELLEY,WA,-20.790,118.600,Delivery Area
6770,STURT CREEK,WA,-18.220,127.670,Delivery Area
6008,SUBIACO,WA,-31.950,115.810,Delivery Area
6008,SUBIACO EAST,WA,-31.950,115.810,Delivery Area
6904,SUBIACO PO,WA,-31.940,115.830,Post Office Boxes
6164,SUCCESS,WA,-32.130,115.860,Delivery Area
6964,SUCCESS,WA,-32.020,115.860,Post Office Boxes
6256,SUNNYSIDE,WA,-34.010,116.150,Delivery Area
6530,SUNSET BEACH,WA,-28.790,114.600,Delivery Area
6056,SWAN VIEW,WA,-31.800,116.030,Delivery Area
6010,SWANBOURNE,WA,-31.980,115.780,Delivery Area
6324,TAKALARUP,WA,-34.720,117.510,Delivery Area
6710,TALANDJI,WA,-22.100,115.860,Delivery Area
6302,TALBOT,WA,-31.850,117.010,Delivery Area
6302,TALBOT WEST,WA,-31.850,117.010,Delivery Area
6490,TALGOMINE,WA,-31.260,118.010,Delivery Area
6701,TALISKER,WA,-24.870,113.630,Delivery Area
6532,TAMALA,WA,-27.950,114.610,Delivery Area
6030,TAMALA PARK,WA,-31.680,115.720,Delivery Area
6320,TAMBELLUP,WA,-34.010,117.560,Delivery Area
6409,TAMMIN,WA,-31.520,117.430,Delivery Area
6472,TAMPU,WA,-30.450,117.870,Delivery Area
6770,TANAMI,WA,-18.220,127.670,Delivery Area
6415,TANDEGIN,WA,-31.240,118.410,Delivery Area
6065,TAPPING,WA,-31.730,115.790,Delivery Area
6530,TARCOOLA BEACH,WA,-28.790,114.600,Delivery Area
6628,TARDUN,WA,-28.790,115.750,Delivery Area
6353,TARIN ROCK,WA,-33.020,118.660,Delivery Area
6213,TEESDALE,WA,-32.620,116.080,Delivery Area
6762,TELFER,WA,-21.710,122.230,Delivery Area
6632,TENINDEWA,WA,-28.700,115.120,Delivery Area
6322,TENTERDEN,WA,-34.360,117.560,Delivery Area
6556,THE LAKES,WA,-31.860,116.320,Delivery Area
6237,THE PLAINS,WA,-33.480,115.730,Delivery Area
6167,THE SPECTACLES,WA,-32.230,115.870,Delivery Area
6069,THE VINES,WA,-31.770,116.010,Delivery Area
6711,THEVENARD ISLAND,WA,-21.460,115.000,Delivery Area
6239,THOMSON BROOK,WA,-33.550,115.770,Delivery Area
6108,THORNLIE,WA,-32.050,115.960,Delivery Area
6988,THORNLIE,WA,-32.050,115.960,Post Office Boxes
6519,THREE SPRINGS,WA,-29.440,115.630,Delivery Area
6401,THROSSELL,WA,-31.540,116.610,Delivery Area
6532,TIBRADDEN,WA,-27.950,114.610,Delivery Area
6361,TINCURRIN,WA,-32.930,117.880,Delivery Area
6333,TINGLEDALE,WA,-34.970,116.950,Delivery Area
0872,TJIRRKARLI,WA,,,Delivery Area
0872,TJUKURLA,WA,,,Delivery Area
6751,TOM PRICE,WA,-21.910,118.090,Delivery Area
6244,TONEBRIDGE,WA,-33.830,116.390,Delivery Area
6566,TOODYAY,WA,-31.380,116.530,Delivery Area
6312,TOOLIBIN,WA,-32.950,117.360,Delivery Area
6532,TOOLONGA,WA,-27.950,114.610,Delivery Area
6336,TOOMPUP,WA,-34.100,118.550,Delivery Area
6330,TORBAY,WA,-35.020,117.880,Delivery Area
6330,TORNDIRRUP,WA,-35.020,117.880,Delivery Area
6311,TOWNSENDALE,WA,-32.770,117.310,Delivery Area
6431,TRAFALGAR,WA,-30.800,121.640,Delivery Area
6488,TRAYNING,WA,-31.040,117.790,Delivery Area
6164,TREEBY,WA,,,Delivery Area
6284,TREETON,WA,-33.870,115.420,Delivery Area
6333,TRENT,WA,-34.970,116.950,Delivery Area
6029,TRIGG,WA,-31.880,115.750,Delivery Area
6244,TRIGWELL,WA,-33.830,116.390,Delivery Area
6060,TUART HILL,WA,-31.910,115.850,Delivery Area
6939,TUART HILL,WA,-31.900,115.850,Post Office Boxes
6426,TURKEY HILL,WA,-31.150,119.150,Delivery Area
6280,TUTUNUP,WA,-33.680,115.460,Delivery Area
6037,TWO ROCKS,WA,-31.510,115.600,Delivery Area
6462,UCARTY,WA,-31.270,117.230,Delivery Area
6460,UCARTY WEST,WA,-31.300,116.830,Delivery Area
6220,UDUC,WA,-33.000,115.890,Delivery Area
6436,ULARRING,WA,-29.690,121.030,Delivery Area
6239,UPPER CAPEL,WA,-33.550,115.770,Delivery Area
6390,UPPER MURRAY,WA,-32.670,116.520,Delivery Area
6069,UPPER SWAN,WA,-31.770,116.010,Delivery Area
6258,UPPER WARREN,WA,-34.230,116.200,Delivery Area
6537,USELESS LOOP,WA,-25.930,113.530,Delivery Area
6230,USHER,WA,-33.330,115.640,Delivery Area
6530,UTAKARRA,WA,-28.790,114.600,Delivery Area
6532,VALENTINE,WA,-27.950,114.610,Delivery Area
6330,VANCOUVER PENINSULA,WA,-35.020,117.880,Delivery Area
6355,VARLEY,WA,-33.430,119.520,Delivery Area
6280,VASSE,WA,-33.680,115.460,Delivery Area
6100,VICTORIA PARK,WA,-31.960,115.900,Delivery Area
6979,VICTORIA PARK,WA,-31.950,115.900,Post Office Boxes
6429,VICTORIA ROCK,WA,-30.950,120.160,Delivery Area
6432,VICTORY HEIGHTS,WA,-30.780,121.490,Delivery Area
6230,VITTORIA,WA,-33.330,115.640,Delivery Area
6056,VIVEASH,WA,-31.800,116.030,Delivery Area
6369,WADDERIN,WA,-32.070,118.760,Delivery Area
6509,WADDINGTON,WA,-30.890,116.240,Delivery Area
6515,WADDY FOREST,WA,-29.880,116.020,Delivery Area
6407,WAEEL,WA,-31.650,117.230,Delivery Area
6215,WAGERUP,WA,-32.880,115.920,Delivery Area
6530,WAGGRAKINE,WA,-28.790,114.600,Delivery Area
6315,WAGIN,WA,-33.340,117.030,Delivery Area
6169,WAIKIKI,WA,-32.300,115.710,Delivery Area
6510,WALEBING,WA,-30.730,116.030,Delivery Area
6422,WALGOOLAN,WA,-31.370,118.600,Delivery Area
6528,WALKAWAY,WA,-28.980,114.910,Delivery Area
6721,WALLAREENYA,WA,-20.790,118.600,Delivery Area
6429,WALLAROO,WA,-30.950,120.160,Delivery Area
6076,WALLISTON,WA,-32.010,116.090,Delivery Area
6925,WALLISTON DC,WA,0.000,0.000,Post Office Boxes
6330,WALMSLEY,WA,-35.020,117.880,Delivery Area
6398,WALPOLE,WA,-34.920,116.470,Delivery Area
6280,WALSALL,WA,-33.680,115.460,Delivery Area
6460,WALYORMOURING,WA,-31.300,116.830,Delivery Area
6084,WALYUNGA NATIONAL PARK,WA,-31.620,116.210,Delivery Area
6363,WALYURIN,WA,-32.870,117.900,Delivery Area
6383,WAMENUSKING,WA,-31.900,117.440,Delivery Area
0872,WANARN,WA,,,Delivery Area
6532,WANDANA,WA,-27.950,114.610,Delivery Area
6308,WANDERING,WA,-32.680,116.820,Delivery Area
6167,WANDI,WA,-32.230,115.870,Delivery Area
6256,WANDILLUP,WA,-34.010,116.150,Delivery Area
6530,WANDINA,WA,-28.790,114.600,Delivery Area
6503,WANERIE,WA,-31.420,115.900,Delivery Area
6065,WANGARA,WA,-31.730,115.790,Delivery Area
6947,WANGARA,WA,,,Post Office Boxes
6505,WANNAMAL,WA,-31.170,115.930,Delivery Area
6210,WANNANUP,WA,-32.550,115.750,Delivery Area
6065,WANNEROO,WA,-31.730,115.790,Delivery Area
6946,WANNEROO,WA,-31.620,115.720,Post Office Boxes
6320,WANSBROUGH,WA,-34.010,117.560,Delivery Area
0872,WARAKURNA,WA,,,Delivery Area
6220,WARAWARRUP,WA,-33.000,115.890,Delivery Area
6431,WARBURTON,WA,-30.800,121.640,Delivery Area
6311,WARDERING,WA,-32.770,117.310,Delivery Area
6405,WARDING EAST,WA,-31.510,116.940,Delivery Area
6743,WARMUN,WA,-15.170,128.550,Delivery Area
6169,WARNBRO,WA,-32.300,115.710,Delivery Area
6288,WARNER GLEN,WA,-34.160,115.200,Delivery Area
6215,WAROONA,WA,-32.880,115.920,Delivery Area
6423,WARRACHUPPIN,WA,-31.000,118.860,Delivery Area
6518,WARRADARGE,WA,-29.820,115.270,Delivery Area
6421,WARRALAKIN,WA,-31.400,118.480,Delivery Area
6330,WARRENUP,WA,-35.020,117.880,Delivery Area
6024,WARWICK,WA,-31.830,115.800,Delivery Area
6725,WATERBANK,WA,-17.910,122.250,Delivery Area
6407,WATERCARRIN,WA,-31.650,117.230,Delivery Area
6152,WATERFORD,WA,-31.990,115.870,Delivery Area
6228,WATERLOO,WA,-33.340,115.770,Delivery Area
6020,WATERMANS BAY,WA,-31.850,115.780,Delivery Area
6513,WATHEROO,WA,-30.150,116.080,Delivery Area
6568,WATTENING,WA,-31.270,116.510,Delivery Area
6107,WATTLE GROVE,WA,-32.010,115.960,Delivery Area
6166,WATTLEUP,WA,-32.120,115.770,Delivery Area
6479,WATTONING,WA,-30.880,118.110,Delivery Area
6530,WEBBERTON,WA,-28.790,114.600,Delivery Area
6044,WEDGE ISLAND,WA,-31.050,115.420,Delivery Area
6315,WEDGECARRUP,WA,-33.340,117.030,Delivery Area
6721,WEDGEFIELD,WA,-20.790,118.600,Delivery Area
6477,WELBUNGIN,WA,-30.810,117.860,Delivery Area
6640,WELD RANGE,WA,-27.420,117.900,Delivery Area
6170,WELLARD,WA,-32.260,115.810,Delivery Area
6233,WELLESLEY,WA,-33.280,115.710,Delivery Area
6236,WELLINGTON FOREST,WA,-33.470,115.810,Delivery Area
6236,WELLINGTON MILL,WA,-33.470,115.810,Delivery Area
6328,WELLSTEAD,WA,-34.840,118.340,Delivery Area
6106,WELSHPOOL,WA,-31.990,115.950,Delivery Area
6780,WELSHPOOL,WA,,,Post Office Boxes
6986,WELSHPOOL DC,WA,0.000,0.000,Post Office Boxes
6014,WEMBLEY,WA,-31.940,115.790,Delivery Area
6913,WEMBLEY,WA,0.000,0.000,Post Office Boxes
6019,WEMBLEY DOWNS,WA,-31.890,115.760,Delivery Area
6606,WEST BALLIDU,WA,-30.600,116.770,Delivery Area
6450,WEST BEACH,WA,-33.820,121.940,Delivery Area
6532,WEST BINNU,WA,-27.950,114.610,Delivery Area
6280,WEST BUSSELTON,WA,-33.680,115.460,Delivery Area
6330,WEST CAPE HOWE,WA,-35.020,117.880,Delivery Area
6630,WEST CASUARINAS,WA,-28.640,115.480,Delivery Area
6214,WEST COOLUP,WA,-32.730,115.760,Delivery Area
6530,WEST END,WA,-28.790,114.600,Delivery Area
6337,WEST FITZGERALD,WA,-33.750,119.460,Delivery Area
6369,WEST HOLLETON,WA,-32.070,118.760,Delivery Area
6799,WEST ISLAND COCOS (KEELING) ISLANDS,WA,-12.170,96.830,Post Office Boxes
6430,WEST KALGOORLIE,WA,-30.810,121.380,Delivery Area
6430,WEST LAMINGTON,WA,-30.810,121.380,Delivery Area
6007,WEST LEEDERVILLE,WA,-31.940,115.840,Delivery Area
6901,WEST LEEDERVILLE,WA,-31.940,115.880,Post Office Boxes
6705,WEST LYONS RIVER,WA,-24.230,117.380,Delivery Area
6005,WEST PERTH,WA,-31.970,115.840,Delivery Area
6872,WEST PERTH,WA,-31.940,115.880,Post Office Boxes
6308,WEST PINGELLY,WA,-32.680,116.820,Delivery Area
6208,WEST PINJARRA,WA,-32.640,115.870,Delivery Area
6309,WEST POPANYINNING,WA,-32.630,117.260,Delivery Area
6346,WEST RIVER,WA,-34.070,119.590,Delivery Area
6055,WEST SWAN,WA,-31.870,115.980,Delivery Area
6566,WEST TOODYAY,WA,-31.380,116.530,Delivery Area
6304,WESTDALE,WA,-32.180,117.120,Delivery Area
6061,WESTMINSTER,WA,-31.860,115.840,Delivery Area
6423,WESTONIA,WA,-31.000,118.860,Delivery Area
6316,WESTWOOD,WA,-33.500,117.410,Delivery Area
6718,WHIM CREEK,WA,-20.780,117.150,Delivery Area
6123,WHITBY,WA,-32.300,115.990,Delivery Area
6162,WHITE GUM VALLEY,WA,-32.070,115.760,Delivery Area
6532,WHITE PEAK,WA,-27.950,114.610,Delivery Area
6068,WHITEMAN,WA,-31.830,115.940,Delivery Area
6207,WHITTAKER,WA,-32.490,116.070,Delivery Area
6473,WIALKI,WA,-30.330,118.220,Delivery Area
6532,WICHERINA,WA,-27.950,114.610,Delivery Area
6532,WICHERINA SOUTH,WA,-27.950,114.610,Delivery Area
6370,WICKEPIN,WA,-32.770,117.710,Delivery Area
6720,WICKHAM,WA,-20.680,117.190,Delivery Area
6443,WIDGIEMOOLTHA,WA,-32.470,123.830,Delivery Area
6743,WIJILAWARRIM,WA,,,Delivery Area
6302,WILBERFORCE,WA,-31.850,117.010,Delivery Area
6041,WILBINGA,WA,-31.350,115.530,Delivery Area
6243,WILGA,WA,-33.700,116.290,Delivery Area
6243,WILGA WEST,WA,-33.700,116.290,Delivery Area
6258,WILGARRUP,WA,-34.230,116.200,Delivery Area
6479,WILGOYNE,WA,-30.880,118.110,Delivery Area
6156,WILLAGEE,WA,-32.030,115.800,Delivery Area
6156,WILLAGEE CENTRAL,WA,-32.030,115.800,Delivery Area
6728,WILLARE,WA,-17.990,124.180,Delivery Area
6155,WILLETTON,WA,-32.060,115.920,Delivery Area
6955,WILLETTON,WA,0.000,0.000,Post Office Boxes
6333,WILLIAM BAY,WA,-34.970,116.950,Delivery Area
6391,WILLIAMS,WA,-33.040,116.570,Delivery Area
6430,WILLIAMSTOWN,WA,-30.810,121.380,Delivery Area
6330,WILLYUNG,WA,-35.020,117.880,Delivery Area
6107,WILSON,WA,-32.010,115.960,Delivery Area
6646,WILUNA,WA,-26.340,122.260,Delivery Area
6280,WILYABRUP,WA,-33.680,115.460,Delivery Area
6450,WINDABOUT,WA,-33.820,121.940,Delivery Area
6262,WINDY HARBOUR,WA,-34.690,116.210,Delivery Area
0872,WINGELLINA,WA,,,Delivery Area
6255,WINNEJUP,WA,-33.790,116.300,Delivery Area
6150,WINTHROP,WA,-32.060,115.840,Delivery Area
6286,WITCHCLIFFE,WA,-34.130,115.050,Delivery Area
6230,WITHERS,WA,-33.330,115.640,Delivery Area
6751,WITTENOOM,WA,-21.910,118.090,Delivery Area
6447,WITTENOOM HILLS,WA,-33.350,121.390,Delivery Area
6370,WOGOLIN,WA,-32.770,117.710,Delivery Area
6221,WOKALUP,WA,-33.150,115.940,Delivery Area
6519,WOMARDEN,WA,-29.440,115.630,Delivery Area
6401,WONGAMINE,WA,-31.540,116.610,Delivery Area
6603,WONGAN HILLS,WA,-31.010,116.760,Delivery Area
6630,WONGOONDY,WA,-28.640,115.480,Delivery Area
6280,WONNERUP,WA,-33.680,115.460,Delivery Area
6530,WONTHELLA,WA,-28.790,114.600,Delivery Area
6316,WOODANILLING,WA,-33.500,117.410,Delivery Area
6056,WOODBRIDGE,WA,-31.800,116.030,Delivery Area
6018,WOODLANDS,WA,-31.920,115.790,Delivery Area
6701,WOODLEIGH,WA,-24.870,113.630,Delivery Area
6041,WOODRIDGE,WA,-31.350,115.530,Delivery Area
6026,WOODVALE,WA,-31.810,115.790,Delivery Area
6324,WOOGENELLUP,WA,-34.720,117.510,Delivery Area
6630,WOOLGORONG,WA,-28.640,115.480,Delivery Area
6369,WOOLOCUTTY,WA,-32.070,118.760,Delivery Area
6701,WOORAMEL,WA,-24.870,113.630,Delivery Area
6558,WOOROLOO,WA,-31.800,116.310,Delivery Area
6530,WOORREE,WA,-28.790,114.600,Delivery Area
6562,WOOTTATING,WA,-31.750,116.460,Delivery Area
6225,WORSLEY,WA,-33.340,116.100,Delivery Area
6612,WUBIN,WA,-30.020,116.780,Delivery Area
6560,WUNDOWIE,WA,-31.750,116.390,Delivery Area
6112,WUNGONG,WA,-32.150,116.010,Delivery Area
6390,WURAMING,WA,-32.670,116.520,Delivery Area
6485,WYALKATCHEM,WA,-30.990,117.450,Delivery Area
6568,WYENING,WA,-31.270,116.510,Delivery Area
6740,WYNDHAM,WA,-14.910,126.670,Delivery Area
6407,WYOLA WEST,WA,-31.650,117.230,Delivery Area
6609,XANTIPPE,WA,-30.280,116.660,Delivery Area
6239,YABBERUP,WA,-33.550,115.770,Delivery Area
6330,YAKAMIA,WA,-35.020,117.880,Delivery Area
6701,YALARDY,WA,-24.870,113.630,Delivery Area
6635,YALGOO,WA,-27.320,116.570,Delivery Area
6535,YALLABATHARRA,WA,-28.230,114.690,Delivery Area
6282,YALLINGUP,WA,-33.650,115.030,Delivery Area
6282,YALLINGUP SIDING,WA,-33.650,115.030,Delivery Area
6280,YALYALUP,WA,-33.680,115.460,Delivery Area
6035,YANCHEP,WA,-31.550,115.630,Delivery Area
6522,YANDANOOKA,WA,-29.300,115.490,Delivery Area
6701,YANDOO CREEK,WA,-24.870,113.630,Delivery Area
6164,YANGEBUP,WA,-32.130,115.860,Delivery Area
6258,YANMAH,WA,-34.230,116.200,Delivery Area
6710,YANNARIE,WA,-22.100,115.860,Delivery Area
6509,YARAWINDAH,WA,-30.890,116.240,Delivery Area
6525,YARDARINO,WA,-29.050,115.030,Delivery Area
6218,YARLOOP,WA,-32.960,115.900,Delivery Area
6522,YARRAGADEE,WA,-29.300,115.490,Delivery Area
6507,YATHROO,WA,-30.740,115.540,Delivery Area
6260,YEAGARUP,WA,-34.350,115.940,Delivery Area
6503,YEAL,WA,-31.420,115.900,Delivery Area
6372,YEALERING,WA,-32.600,117.680,Delivery Area
6285,YEBBLE,WA,,,Delivery Area
6487,YELBENI,WA,-31.060,117.660,Delivery Area
6426,YELLOWDINE,WA,-31.150,119.150,Delivery Area
6280,YELVERTON,WA,-33.680,115.460,Delivery Area
6571,YERECOIN,WA,-30.920,116.390,Delivery Area
6532,YETNA,WA,-27.950,114.610,Delivery Area
6430,YILKARI,WA,-30.810,121.380,Delivery Area
6312,YILLIMINNING,WA,-32.950,117.360,Delivery Area
6275,YOGANUP,WA,-33.840,115.660,Delivery Area
6060,YOKINE,WA,-31.910,115.850,Delivery Area
6060,YOKINE SOUTH,WA,,,Delivery Area
6280,YOONGARILLUP,WA,-33.680,115.460,Delivery Area
6302,YORK,WA,-31.850,117.010,Delivery Area
6311,YORNANING,WA,-32.770,117.310,Delivery Area
6256,YORNUP,WA,-34.010,116.150,Delivery Area
6383,YOTING,WA,-31.900,117.440,Delivery Area
6407,YOUNDEGIN,WA,-31.650,117.230,Delivery Area
6330,YOUNGS SIDING,WA,-35.020,117.880,Delivery Area
6225,YOURDAMUNG LAKE,WA,-33.340,116.100,Delivery Area
6532,YUNA,WA,-27.950,114.610,Delivery Area
6434,ZANTHUS,WA,-30.500,123.120,Delivery Area
6536,ZUYTDORP,WA,-27.710,114.160,Delivery Area
